--------------------------------------------------------
--  파일이 생성됨 - 월요일-10월-18-2021   
--------------------------------------------------------
--------------------------------------------------------
--  DDL for Sequence SEQUENCE_OWNED_GAME_NO
--------------------------------------------------------

   CREATE SEQUENCE  "OTB"."SEQUENCE_OWNED_GAME_NO"  MINVALUE 1 MAXVALUE 9999999999999999999999999999 INCREMENT BY 1 START WITH 32 NOCACHE  NOORDER  NOCYCLE ;
--------------------------------------------------------
--  DDL for Sequence SEQUENCE_RESERVATION_DATE_NO
--------------------------------------------------------

   CREATE SEQUENCE  "OTB"."SEQUENCE_RESERVATION_DATE_NO"  MINVALUE 1 MAXVALUE 9999999999999999999999999999 INCREMENT BY 1 START WITH 31 NOCACHE  NOORDER  NOCYCLE ;
--------------------------------------------------------
--  DDL for Sequence SEQUENCE_RESERVATION_TIME_NO
--------------------------------------------------------

   CREATE SEQUENCE  "OTB"."SEQUENCE_RESERVATION_TIME_NO"  MINVALUE 1 MAXVALUE 9999999999999999999999999999 INCREMENT BY 1 START WITH 231 NOCACHE  NOORDER  NOCYCLE ;
--------------------------------------------------------
--  DDL for Sequence SEQUENCE_SIDO_NO
--------------------------------------------------------

   CREATE SEQUENCE  "OTB"."SEQUENCE_SIDO_NO"  MINVALUE 1 MAXVALUE 9999999999999999999999999999 INCREMENT BY 1 START WITH 2 NOCACHE  NOORDER  NOCYCLE ;
--------------------------------------------------------
--  DDL for Sequence SEQUENCE_SIGUNGU_NO
--------------------------------------------------------

   CREATE SEQUENCE  "OTB"."SEQUENCE_SIGUNGU_NO"  MINVALUE 1 MAXVALUE 9999999999999999999999999999 INCREMENT BY 1 START WITH 2 NOCACHE  NOORDER  NOCYCLE ;
--------------------------------------------------------
--  DDL for Sequence SEQUENCE_STORE_IMAGE_NO
--------------------------------------------------------

   CREATE SEQUENCE  "OTB"."SEQUENCE_STORE_IMAGE_NO"  MINVALUE 1 MAXVALUE 9999999999999999999999999999 INCREMENT BY 1 START WITH 303 NOCACHE  NOORDER  NOCYCLE ;
--------------------------------------------------------
--  DDL for Sequence SEQUENCE_STORE_NO
--------------------------------------------------------

   CREATE SEQUENCE  "OTB"."SEQUENCE_STORE_NO"  MINVALUE 1 MAXVALUE 9999999999999999999999999999 INCREMENT BY 1 START WITH 33 NOCACHE  NOORDER  NOCYCLE ;
--------------------------------------------------------
--  DDL for Sequence SEQ_BOOKMARK_NO
--------------------------------------------------------

   CREATE SEQUENCE  "OTB"."SEQ_BOOKMARK_NO"  MINVALUE 1 MAXVALUE 9999999999999999999999999999 INCREMENT BY 1 START WITH 1 NOCACHE  NOORDER  NOCYCLE ;
--------------------------------------------------------
--  DDL for Sequence SEQ_COMMENT_NO
--------------------------------------------------------

   CREATE SEQUENCE  "OTB"."SEQ_COMMENT_NO"  MINVALUE 1 MAXVALUE 9999999999999999999999999999 INCREMENT BY 1 START WITH 1 NOCACHE  NOORDER  NOCYCLE ;
--------------------------------------------------------
--  DDL for Sequence SEQ_GAME_NO
--------------------------------------------------------

   CREATE SEQUENCE  "OTB"."SEQ_GAME_NO"  MINVALUE 1 MAXVALUE 9999999999999999999999999999 INCREMENT BY 1 START WITH 32 NOCACHE  NOORDER  NOCYCLE ;
--------------------------------------------------------
--  DDL for Sequence SEQ_MATCHING_NO
--------------------------------------------------------

   CREATE SEQUENCE  "OTB"."SEQ_MATCHING_NO"  MINVALUE 1 MAXVALUE 9999999999999999999999999999 INCREMENT BY 1 START WITH 23 NOCACHE  NOORDER  NOCYCLE ;
--------------------------------------------------------
--  DDL for Sequence SEQ_REPLY_NO
--------------------------------------------------------

   CREATE SEQUENCE  "OTB"."SEQ_REPLY_NO"  MINVALUE 1 MAXVALUE 9999999999999999999999999999 INCREMENT BY 1 START WITH 1 NOCACHE  NOORDER  NOCYCLE ;
--------------------------------------------------------
--  DDL for Sequence SEQ_RESERVATION_DATE_NO
--------------------------------------------------------

   CREATE SEQUENCE  "OTB"."SEQ_RESERVATION_DATE_NO"  MINVALUE 1 MAXVALUE 9999999999999999999999999999 INCREMENT BY 1 START WITH 3 NOCACHE  NOORDER  NOCYCLE ;
--------------------------------------------------------
--  DDL for Sequence SEQ_RESERVATION_TIME_NO
--------------------------------------------------------

   CREATE SEQUENCE  "OTB"."SEQ_RESERVATION_TIME_NO"  MINVALUE 1 MAXVALUE 9999999999999999999999999999 INCREMENT BY 1 START WITH 6 NOCACHE  NOORDER  NOCYCLE ;
--------------------------------------------------------
--  DDL for Sequence SEQ_SIDO_NO
--------------------------------------------------------

   CREATE SEQUENCE  "OTB"."SEQ_SIDO_NO"  MINVALUE 1 MAXVALUE 9999999999999999999999999999 INCREMENT BY 1 START WITH 17 NOCACHE  NOORDER  NOCYCLE ;
--------------------------------------------------------
--  DDL for Sequence SEQ_SIGUNGU_NO
--------------------------------------------------------

   CREATE SEQUENCE  "OTB"."SEQ_SIGUNGU_NO"  MINVALUE 1 MAXVALUE 9999999999999999999999999999 INCREMENT BY 1 START WITH 223 NOCACHE  NOORDER  NOCYCLE ;
--------------------------------------------------------
--  DDL for Sequence SEQ_STORE_NO
--------------------------------------------------------

   CREATE SEQUENCE  "OTB"."SEQ_STORE_NO"  MINVALUE 1 MAXVALUE 9999999999999999999999999999 INCREMENT BY 1 START WITH 1 NOCACHE  NOORDER  NOCYCLE ;
--------------------------------------------------------
--  DDL for Sequence SEQ_THEME_NO
--------------------------------------------------------

   CREATE SEQUENCE  "OTB"."SEQ_THEME_NO"  MINVALUE 1 MAXVALUE 9999999999999999999999999999 INCREMENT BY 1 START WITH 16 NOCACHE  NOORDER  NOCYCLE ;
--------------------------------------------------------
--  DDL for Sequence SEQ_USERS_NO
--------------------------------------------------------

   CREATE SEQUENCE  "OTB"."SEQ_USERS_NO"  MINVALUE 1 MAXVALUE 9999999999999999999999999999 INCREMENT BY 1 START WITH 28 NOCACHE  NOORDER  NOCYCLE ;
--------------------------------------------------------
--  DDL for Table COMMENTS
--------------------------------------------------------

  CREATE TABLE "OTB"."COMMENTS" 
   (	"COMMENT_NO" NUMBER(20,0), 
	"MATCHING_NO" NUMBER(20,0), 
	"USER_NO" NUMBER(20,0), 
	"COMMENT_CONTENT" VARCHAR2(500 BYTE), 
	"COMMENT_REG_DATE" DATE
   ) SEGMENT CREATION IMMEDIATE 
  PCTFREE 10 PCTUSED 40 INITRANS 1 MAXTRANS 255 NOCOMPRESS LOGGING
  STORAGE(INITIAL 65536 NEXT 1048576 MINEXTENTS 1 MAXEXTENTS 2147483645
  PCTINCREASE 0 FREELISTS 1 FREELIST GROUPS 1 BUFFER_POOL DEFAULT FLASH_CACHE DEFAULT CELL_FLASH_CACHE DEFAULT)
  TABLESPACE "SYSTEM" ;

   COMMENT ON COLUMN "OTB"."COMMENTS"."COMMENT_NO" IS '댓글 번호';
   COMMENT ON COLUMN "OTB"."COMMENTS"."MATCHING_NO" IS '매칭 번호';
   COMMENT ON COLUMN "OTB"."COMMENTS"."USER_NO" IS '유저 일련번호(댓글 작성자)';
   COMMENT ON COLUMN "OTB"."COMMENTS"."COMMENT_CONTENT" IS '내용';
   COMMENT ON COLUMN "OTB"."COMMENTS"."COMMENT_REG_DATE" IS '등록시간';
   COMMENT ON TABLE "OTB"."COMMENTS"  IS '댓글';
--------------------------------------------------------
--  DDL for Table GAME
--------------------------------------------------------

  CREATE TABLE "OTB"."GAME" 
   (	"GAME_NO" NUMBER(20,0), 
	"GAME_NAME_KO" VARCHAR2(50 BYTE), 
	"GAME_NAME_EN" VARCHAR2(50 BYTE), 
	"GAME_PATH_THUMBNAIL" VARCHAR2(100 BYTE), 
	"GAME_PEOPLE" VARCHAR2(20 BYTE), 
	"GAME_AGE" VARCHAR2(20 BYTE), 
	"GAME_TIME" VARCHAR2(20 BYTE), 
	"GAME_DIFFICULTY" VARCHAR2(20 BYTE), 
	"GAME_DESCRIPTION" VARCHAR2(500 BYTE), 
	"GAME_GUIDE" VARCHAR2(500 BYTE), 
	"THEME_NO" NUMBER(10,0)
   ) SEGMENT CREATION IMMEDIATE 
  PCTFREE 10 PCTUSED 40 INITRANS 1 MAXTRANS 255 NOCOMPRESS LOGGING
  STORAGE(INITIAL 65536 NEXT 1048576 MINEXTENTS 1 MAXEXTENTS 2147483645
  PCTINCREASE 0 FREELISTS 1 FREELIST GROUPS 1 BUFFER_POOL DEFAULT FLASH_CACHE DEFAULT CELL_FLASH_CACHE DEFAULT)
  TABLESPACE "SYSTEM" ;

   COMMENT ON COLUMN "OTB"."GAME"."GAME_NO" IS '게임 일련번호';
   COMMENT ON COLUMN "OTB"."GAME"."GAME_NAME_KO" IS '이름(한글)';
   COMMENT ON COLUMN "OTB"."GAME"."GAME_NAME_EN" IS '이름(영어)';
   COMMENT ON COLUMN "OTB"."GAME"."GAME_PATH_THUMBNAIL" IS '썸네일 경로';
   COMMENT ON COLUMN "OTB"."GAME"."GAME_PEOPLE" IS '게임 인원';
   COMMENT ON COLUMN "OTB"."GAME"."GAME_AGE" IS '게임연령';
   COMMENT ON COLUMN "OTB"."GAME"."GAME_TIME" IS '게임시간';
   COMMENT ON COLUMN "OTB"."GAME"."GAME_DIFFICULTY" IS '게임난이도';
   COMMENT ON COLUMN "OTB"."GAME"."GAME_DESCRIPTION" IS '게임설명--본문';
   COMMENT ON COLUMN "OTB"."GAME"."GAME_GUIDE" IS '게임 가이드 - 유튜브 주소';
   COMMENT ON TABLE "OTB"."GAME"  IS '게임 정보';
--------------------------------------------------------
--  DDL for Table GAME_BOOKMARK
--------------------------------------------------------

  CREATE TABLE "OTB"."GAME_BOOKMARK" 
   (	"GAME_BOOKMARK_NO" NUMBER(20,0), 
	"GAME_NO" NUMBER(20,0), 
	"USER_NO" NUMBER(20,0)
   ) SEGMENT CREATION IMMEDIATE 
  PCTFREE 10 PCTUSED 40 INITRANS 1 MAXTRANS 255 NOCOMPRESS LOGGING
  STORAGE(INITIAL 65536 NEXT 1048576 MINEXTENTS 1 MAXEXTENTS 2147483645
  PCTINCREASE 0 FREELISTS 1 FREELIST GROUPS 1 BUFFER_POOL DEFAULT FLASH_CACHE DEFAULT CELL_FLASH_CACHE DEFAULT)
  TABLESPACE "SYSTEM" ;

   COMMENT ON COLUMN "OTB"."GAME_BOOKMARK"."GAME_BOOKMARK_NO" IS '게임 찜 번호';
   COMMENT ON COLUMN "OTB"."GAME_BOOKMARK"."GAME_NO" IS '게임 일련번호';
   COMMENT ON COLUMN "OTB"."GAME_BOOKMARK"."USER_NO" IS '유저 일련번호';
   COMMENT ON TABLE "OTB"."GAME_BOOKMARK"  IS '게임 찜 목록';
--------------------------------------------------------
--  DDL for Table HASHTAG
--------------------------------------------------------

  CREATE TABLE "OTB"."HASHTAG" 
   (	"HASHTAG_NO" NUMBER(20,0), 
	"THEME_NO" NUMBER(20,0), 
	"GAME_NO" NUMBER(20,0)
   ) SEGMENT CREATION IMMEDIATE 
  PCTFREE 10 PCTUSED 40 INITRANS 1 MAXTRANS 255 NOCOMPRESS LOGGING
  STORAGE(INITIAL 65536 NEXT 1048576 MINEXTENTS 1 MAXEXTENTS 2147483645
  PCTINCREASE 0 FREELISTS 1 FREELIST GROUPS 1 BUFFER_POOL DEFAULT FLASH_CACHE DEFAULT CELL_FLASH_CACHE DEFAULT)
  TABLESPACE "SYSTEM" ;

   COMMENT ON COLUMN "OTB"."HASHTAG"."HASHTAG_NO" IS '게임 테마 번호';
   COMMENT ON COLUMN "OTB"."HASHTAG"."THEME_NO" IS '테마 고유번호';
   COMMENT ON COLUMN "OTB"."HASHTAG"."GAME_NO" IS '게임 일련번호';
   COMMENT ON TABLE "OTB"."HASHTAG"  IS '게임 테마 등록';
--------------------------------------------------------
--  DDL for Table MATCHING
--------------------------------------------------------

  CREATE TABLE "OTB"."MATCHING" 
   (	"MATCHING_NO" NUMBER(20,0), 
	"USER_NO" NUMBER(20,0), 
	"THEME_NO" NUMBER(20,0), 
	"GAME_NO" NUMBER(20,0), 
	"MATCHING_DATE" DATE, 
	"MATCHING_TIME" VARCHAR2(20 BYTE), 
	"MATCHING_TITLE" VARCHAR2(50 BYTE), 
	"MATCHING_CONTENT" VARCHAR2(500 BYTE), 
	"SIDO_CODE" NUMBER(20,0), 
	"SIGUNGU_CODE" NUMBER(20,0), 
	"MATCHING_PEOPLE" VARCHAR2(20 BYTE), 
	"MATCHING_PERMISSION_GENDER" VARCHAR2(20 BYTE), 
	"MATCHING_PERMISSION_TEENS" VARCHAR2(20 BYTE), 
	"MATCHING_PERMISSION_TWENTIES" VARCHAR2(20 BYTE), 
	"MATCHING_PERMISSION_THIRTIES" VARCHAR2(20 BYTE), 
	"MATCHING_PERMISSION_FOURTIES" VARCHAR2(20 BYTE), 
	"MATCHING_PERMISSION_ALL_AGE" VARCHAR2(20 BYTE), 
	"MATCHING_REG_DATE" DATE, 
	"MATCHING_HITS" NUMBER(20,0), 
	"MATCHING_STATUS" VARCHAR2(20 BYTE)
   ) SEGMENT CREATION IMMEDIATE 
  PCTFREE 10 PCTUSED 40 INITRANS 1 MAXTRANS 255 NOCOMPRESS LOGGING
  STORAGE(INITIAL 65536 NEXT 1048576 MINEXTENTS 1 MAXEXTENTS 2147483645
  PCTINCREASE 0 FREELISTS 1 FREELIST GROUPS 1 BUFFER_POOL DEFAULT FLASH_CACHE DEFAULT CELL_FLASH_CACHE DEFAULT)
  TABLESPACE "SYSTEM" ;

   COMMENT ON COLUMN "OTB"."MATCHING"."MATCHING_NO" IS '매칭 번호';
   COMMENT ON COLUMN "OTB"."MATCHING"."USER_NO" IS '유저 일련번호';
   COMMENT ON COLUMN "OTB"."MATCHING"."THEME_NO" IS '테마 고유번호';
   COMMENT ON COLUMN "OTB"."MATCHING"."GAME_NO" IS '게임 일련번호';
   COMMENT ON COLUMN "OTB"."MATCHING"."MATCHING_DATE" IS '날짜';
   COMMENT ON COLUMN "OTB"."MATCHING"."MATCHING_TIME" IS '시간(텍스트)';
   COMMENT ON COLUMN "OTB"."MATCHING"."MATCHING_TITLE" IS '제목';
   COMMENT ON COLUMN "OTB"."MATCHING"."MATCHING_CONTENT" IS '내용';
   COMMENT ON COLUMN "OTB"."MATCHING"."SIDO_CODE" IS '시도 번호';
   COMMENT ON COLUMN "OTB"."MATCHING"."SIGUNGU_CODE" IS '시군구 번호';
   COMMENT ON COLUMN "OTB"."MATCHING"."MATCHING_PEOPLE" IS '인원';
   COMMENT ON COLUMN "OTB"."MATCHING"."MATCHING_PERMISSION_GENDER" IS '성별 제한';
   COMMENT ON COLUMN "OTB"."MATCHING"."MATCHING_PERMISSION_TEENS" IS '연령 제한10';
   COMMENT ON COLUMN "OTB"."MATCHING"."MATCHING_PERMISSION_TWENTIES" IS '연령 제한 20';
   COMMENT ON COLUMN "OTB"."MATCHING"."MATCHING_PERMISSION_THIRTIES" IS '연령 제한 30';
   COMMENT ON COLUMN "OTB"."MATCHING"."MATCHING_PERMISSION_FOURTIES" IS '연령 제한 40';
   COMMENT ON COLUMN "OTB"."MATCHING"."MATCHING_PERMISSION_ALL_AGE" IS '연령 제한 무관';
   COMMENT ON COLUMN "OTB"."MATCHING"."MATCHING_REG_DATE" IS '등록일';
   COMMENT ON COLUMN "OTB"."MATCHING"."MATCHING_HITS" IS '조회수';
   COMMENT ON COLUMN "OTB"."MATCHING"."MATCHING_STATUS" IS '매칭상태';
   COMMENT ON TABLE "OTB"."MATCHING"  IS '매칭 정보';
--------------------------------------------------------
--  DDL for Table MATCHING_GROUP
--------------------------------------------------------

  CREATE TABLE "OTB"."MATCHING_GROUP" 
   (	"MATCHING_NO" NUMBER(20,0), 
	"USER_NO" NUMBER(20,0), 
	"MATCHING_PEOPLE" VARCHAR2(20 BYTE), 
	"JOIN_REG_DATE" DATE
   ) SEGMENT CREATION IMMEDIATE 
  PCTFREE 10 PCTUSED 40 INITRANS 1 MAXTRANS 255 NOCOMPRESS LOGGING
  STORAGE(INITIAL 65536 NEXT 1048576 MINEXTENTS 1 MAXEXTENTS 2147483645
  PCTINCREASE 0 FREELISTS 1 FREELIST GROUPS 1 BUFFER_POOL DEFAULT FLASH_CACHE DEFAULT CELL_FLASH_CACHE DEFAULT)
  TABLESPACE "SYSTEM" ;

   COMMENT ON COLUMN "OTB"."MATCHING_GROUP"."MATCHING_NO" IS '매칭 번호';
   COMMENT ON COLUMN "OTB"."MATCHING_GROUP"."USER_NO" IS '유저 일련번호';
   COMMENT ON COLUMN "OTB"."MATCHING_GROUP"."MATCHING_PEOPLE" IS '인원';
   COMMENT ON COLUMN "OTB"."MATCHING_GROUP"."JOIN_REG_DATE" IS '참가시간';
   COMMENT ON TABLE "OTB"."MATCHING_GROUP"  IS '매칭멤버';
--------------------------------------------------------
--  DDL for Table MESSAGE
--------------------------------------------------------

  CREATE TABLE "OTB"."MESSAGE" 
   (	"MESSAGE_NO" NUMBER(20,0), 
	"USER_SEND" NUMBER(20,0), 
	"USER_RECEIVE" NUMBER(20,0), 
	"MESSAGE_CONTENT" VARCHAR2(500 BYTE), 
	"MESSAGE_REG_DATE" DATE
   ) SEGMENT CREATION IMMEDIATE 
  PCTFREE 10 PCTUSED 40 INITRANS 1 MAXTRANS 255 NOCOMPRESS LOGGING
  STORAGE(INITIAL 65536 NEXT 1048576 MINEXTENTS 1 MAXEXTENTS 2147483645
  PCTINCREASE 0 FREELISTS 1 FREELIST GROUPS 1 BUFFER_POOL DEFAULT FLASH_CACHE DEFAULT CELL_FLASH_CACHE DEFAULT)
  TABLESPACE "SYSTEM" ;

   COMMENT ON COLUMN "OTB"."MESSAGE"."MESSAGE_NO" IS '메세지 일련번호';
   COMMENT ON COLUMN "OTB"."MESSAGE"."USER_SEND" IS '유저 일련번호(보낸 사람)';
   COMMENT ON COLUMN "OTB"."MESSAGE"."USER_RECEIVE" IS '유저 일련번호(받는 사람)';
   COMMENT ON COLUMN "OTB"."MESSAGE"."MESSAGE_CONTENT" IS '내용';
   COMMENT ON COLUMN "OTB"."MESSAGE"."MESSAGE_REG_DATE" IS '보낸 시간';
   COMMENT ON TABLE "OTB"."MESSAGE"  IS '메세지 정보';
--------------------------------------------------------
--  DDL for Table OWNED_GAME
--------------------------------------------------------

  CREATE TABLE "OTB"."OWNED_GAME" 
   (	"OWNED_GAME_NO" NUMBER(20,0), 
	"STORE_NO" NUMBER(20,0), 
	"GAME_NO" NUMBER(20,0)
   ) SEGMENT CREATION IMMEDIATE 
  PCTFREE 10 PCTUSED 40 INITRANS 1 MAXTRANS 255 NOCOMPRESS LOGGING
  STORAGE(INITIAL 65536 NEXT 1048576 MINEXTENTS 1 MAXEXTENTS 2147483645
  PCTINCREASE 0 FREELISTS 1 FREELIST GROUPS 1 BUFFER_POOL DEFAULT FLASH_CACHE DEFAULT CELL_FLASH_CACHE DEFAULT)
  TABLESPACE "SYSTEM" ;

   COMMENT ON COLUMN "OTB"."OWNED_GAME"."OWNED_GAME_NO" IS '보유게임 번호';
   COMMENT ON COLUMN "OTB"."OWNED_GAME"."STORE_NO" IS '매장 일련번호';
   COMMENT ON COLUMN "OTB"."OWNED_GAME"."GAME_NO" IS '게임 일련번호';
   COMMENT ON TABLE "OTB"."OWNED_GAME"  IS '보유 게임 정보';
--------------------------------------------------------
--  DDL for Table REPLY
--------------------------------------------------------

  CREATE TABLE "OTB"."REPLY" 
   (	"REPLY_NO" NUMBER(20,0), 
	"COMMENT_NO" NUMBER(20,0), 
	"USER_NO" NUMBER(20,0), 
	"REPLY_CONTENT" VARCHAR2(500 BYTE), 
	"REPLY_REG_DATE" DATE
   ) SEGMENT CREATION IMMEDIATE 
  PCTFREE 10 PCTUSED 40 INITRANS 1 MAXTRANS 255 NOCOMPRESS LOGGING
  STORAGE(INITIAL 65536 NEXT 1048576 MINEXTENTS 1 MAXEXTENTS 2147483645
  PCTINCREASE 0 FREELISTS 1 FREELIST GROUPS 1 BUFFER_POOL DEFAULT FLASH_CACHE DEFAULT CELL_FLASH_CACHE DEFAULT)
  TABLESPACE "SYSTEM" ;

   COMMENT ON COLUMN "OTB"."REPLY"."REPLY_NO" IS '답글 번호';
   COMMENT ON COLUMN "OTB"."REPLY"."COMMENT_NO" IS '댓글 번호';
   COMMENT ON COLUMN "OTB"."REPLY"."USER_NO" IS '유저 일련번호(답글 작성자)';
   COMMENT ON COLUMN "OTB"."REPLY"."REPLY_CONTENT" IS '내용';
   COMMENT ON COLUMN "OTB"."REPLY"."REPLY_REG_DATE" IS '등록시간';
   COMMENT ON TABLE "OTB"."REPLY"  IS '답글';
--------------------------------------------------------
--  DDL for Table RESERVATION
--------------------------------------------------------

  CREATE TABLE "OTB"."RESERVATION" 
   (	"RESERVATION_NO" NUMBER(20,0), 
	"STORE_NO" NUMBER(20,0), 
	"RESERVATION_CHARGE_TOTAL" NUMBER(20,0), 
	"RESERVATION_CHARGE_PEOPLE" NUMBER(20,0), 
	"RESERVATION_STATUS" VARCHAR2(20 BYTE), 
	"RESERVATION_TYPE" VARCHAR2(20 BYTE), 
	"RESERVATION_DATE_NO" NUMBER(20,0)
   ) SEGMENT CREATION IMMEDIATE 
  PCTFREE 10 PCTUSED 40 INITRANS 1 MAXTRANS 255 NOCOMPRESS LOGGING
  STORAGE(INITIAL 65536 NEXT 1048576 MINEXTENTS 1 MAXEXTENTS 2147483645
  PCTINCREASE 0 FREELISTS 1 FREELIST GROUPS 1 BUFFER_POOL DEFAULT FLASH_CACHE DEFAULT CELL_FLASH_CACHE DEFAULT)
  TABLESPACE "SYSTEM" ;

   COMMENT ON COLUMN "OTB"."RESERVATION"."RESERVATION_NO" IS '예약 일련번호';
   COMMENT ON COLUMN "OTB"."RESERVATION"."STORE_NO" IS '매장 일련번호';
   COMMENT ON COLUMN "OTB"."RESERVATION"."RESERVATION_CHARGE_TOTAL" IS '총금액(시간*인원)';
   COMMENT ON COLUMN "OTB"."RESERVATION"."RESERVATION_CHARGE_PEOPLE" IS '결제 인원';
   COMMENT ON COLUMN "OTB"."RESERVATION"."RESERVATION_STATUS" IS '예약상태';
   COMMENT ON COLUMN "OTB"."RESERVATION"."RESERVATION_TYPE" IS '예약구분(일반, 매칭)';
   COMMENT ON COLUMN "OTB"."RESERVATION"."RESERVATION_DATE_NO" IS '날짜 번호';
   COMMENT ON TABLE "OTB"."RESERVATION"  IS '예약 정보';
--------------------------------------------------------
--  DDL for Table RESERVATION_DATE
--------------------------------------------------------

  CREATE TABLE "OTB"."RESERVATION_DATE" 
   (	"RESERVATION_DATE_NO" NUMBER(20,0), 
	"STORE_NO" NUMBER(20,0), 
	"STORE_RESERVATION_DATE" DATE, 
	"STORE_RESERVATION_TOTAL" NUMBER(10,0), 
	"STORE_RESERVATION_MAX" NUMBER(10,0), 
	"DATE_TYPE" VARCHAR2(10 BYTE)
   ) SEGMENT CREATION IMMEDIATE 
  PCTFREE 10 PCTUSED 40 INITRANS 1 MAXTRANS 255 NOCOMPRESS LOGGING
  STORAGE(INITIAL 65536 NEXT 1048576 MINEXTENTS 1 MAXEXTENTS 2147483645
  PCTINCREASE 0 FREELISTS 1 FREELIST GROUPS 1 BUFFER_POOL DEFAULT FLASH_CACHE DEFAULT CELL_FLASH_CACHE DEFAULT)
  TABLESPACE "SYSTEM" ;

   COMMENT ON COLUMN "OTB"."RESERVATION_DATE"."RESERVATION_DATE_NO" IS '날짜 번호';
   COMMENT ON COLUMN "OTB"."RESERVATION_DATE"."STORE_NO" IS '매장 일련번호';
   COMMENT ON COLUMN "OTB"."RESERVATION_DATE"."STORE_RESERVATION_DATE" IS '날짜';
   COMMENT ON COLUMN "OTB"."RESERVATION_DATE"."STORE_RESERVATION_TOTAL" IS '총인원  40';
   COMMENT ON COLUMN "OTB"."RESERVATION_DATE"."STORE_RESERVATION_MAX" IS '1회최대인원 4';
   COMMENT ON TABLE "OTB"."RESERVATION_DATE"  IS '예약 가능 날짜';
--------------------------------------------------------
--  DDL for Table RESERVATION_MEMBER
--------------------------------------------------------

  CREATE TABLE "OTB"."RESERVATION_MEMBER" 
   (	"RESERVATION_MEMBER_NO" NUMBER(20,0), 
	"USER_NO" NUMBER(20,0), 
	"RESERVATION_CHARGE_PER" NUMBER(20,0), 
	"RESERVATION_NO" NUMBER(20,0), 
	"MATCHING_NO" NUMBER(20,0)
   ) SEGMENT CREATION IMMEDIATE 
  PCTFREE 10 PCTUSED 40 INITRANS 1 MAXTRANS 255 NOCOMPRESS LOGGING
  STORAGE(INITIAL 65536 NEXT 1048576 MINEXTENTS 1 MAXEXTENTS 2147483645
  PCTINCREASE 0 FREELISTS 1 FREELIST GROUPS 1 BUFFER_POOL DEFAULT FLASH_CACHE DEFAULT CELL_FLASH_CACHE DEFAULT)
  TABLESPACE "SYSTEM" ;

   COMMENT ON COLUMN "OTB"."RESERVATION_MEMBER"."RESERVATION_MEMBER_NO" IS '예약멤버번호';
   COMMENT ON COLUMN "OTB"."RESERVATION_MEMBER"."USER_NO" IS '유저 일련번호';
   COMMENT ON COLUMN "OTB"."RESERVATION_MEMBER"."RESERVATION_CHARGE_PER" IS '입금금액';
   COMMENT ON COLUMN "OTB"."RESERVATION_MEMBER"."RESERVATION_NO" IS '예약 일련번호';
   COMMENT ON COLUMN "OTB"."RESERVATION_MEMBER"."MATCHING_NO" IS '매칭 번호';
   COMMENT ON TABLE "OTB"."RESERVATION_MEMBER"  IS '예약맴버';
--------------------------------------------------------
--  DDL for Table RESERVATION_TIME
--------------------------------------------------------

  CREATE TABLE "OTB"."RESERVATION_TIME" 
   (	"RESERVATION_TIME_NO" NUMBER(20,0), 
	"RESERVATION_DATE_NO" NUMBER(20,0), 
	"STORE_RESERVATION_TIME" VARCHAR2(50 BYTE)
   ) SEGMENT CREATION IMMEDIATE 
  PCTFREE 10 PCTUSED 40 INITRANS 1 MAXTRANS 255 NOCOMPRESS LOGGING
  STORAGE(INITIAL 65536 NEXT 1048576 MINEXTENTS 1 MAXEXTENTS 2147483645
  PCTINCREASE 0 FREELISTS 1 FREELIST GROUPS 1 BUFFER_POOL DEFAULT FLASH_CACHE DEFAULT CELL_FLASH_CACHE DEFAULT)
  TABLESPACE "SYSTEM" ;

   COMMENT ON COLUMN "OTB"."RESERVATION_TIME"."RESERVATION_TIME_NO" IS '시간 번호';
   COMMENT ON COLUMN "OTB"."RESERVATION_TIME"."RESERVATION_DATE_NO" IS '날짜 번호';
   COMMENT ON COLUMN "OTB"."RESERVATION_TIME"."STORE_RESERVATION_TIME" IS '예약 가능 시간';
   COMMENT ON TABLE "OTB"."RESERVATION_TIME"  IS '예약 가능 시간';
--------------------------------------------------------
--  DDL for Table RESERVATION_TIME_GROUP
--------------------------------------------------------

  CREATE TABLE "OTB"."RESERVATION_TIME_GROUP" 
   (	"RESERVATION_TIME_GROUP_NO" NUMBER(20,0), 
	"RESERVATION_NO" NUMBER(20,0), 
	"RESERVATION_TIME_NO" NUMBER(20,0)
   ) SEGMENT CREATION IMMEDIATE 
  PCTFREE 10 PCTUSED 40 INITRANS 1 MAXTRANS 255 NOCOMPRESS LOGGING
  STORAGE(INITIAL 65536 NEXT 1048576 MINEXTENTS 1 MAXEXTENTS 2147483645
  PCTINCREASE 0 FREELISTS 1 FREELIST GROUPS 1 BUFFER_POOL DEFAULT FLASH_CACHE DEFAULT CELL_FLASH_CACHE DEFAULT)
  TABLESPACE "SYSTEM" ;

   COMMENT ON COLUMN "OTB"."RESERVATION_TIME_GROUP"."RESERVATION_TIME_GROUP_NO" IS '예약그룹번호';
   COMMENT ON COLUMN "OTB"."RESERVATION_TIME_GROUP"."RESERVATION_NO" IS '예약 일련번호';
   COMMENT ON COLUMN "OTB"."RESERVATION_TIME_GROUP"."RESERVATION_TIME_NO" IS '시간 번호';
   COMMENT ON TABLE "OTB"."RESERVATION_TIME_GROUP"  IS '예약시간정보';
--------------------------------------------------------
--  DDL for Table SIDO
--------------------------------------------------------

  CREATE TABLE "OTB"."SIDO" 
   (	"SIDO_CODE" NUMBER(20,0), 
	"SIDO_NAME" VARCHAR2(20 BYTE)
   ) SEGMENT CREATION IMMEDIATE 
  PCTFREE 10 PCTUSED 40 INITRANS 1 MAXTRANS 255 NOCOMPRESS LOGGING
  STORAGE(INITIAL 65536 NEXT 1048576 MINEXTENTS 1 MAXEXTENTS 2147483645
  PCTINCREASE 0 FREELISTS 1 FREELIST GROUPS 1 BUFFER_POOL DEFAULT FLASH_CACHE DEFAULT CELL_FLASH_CACHE DEFAULT)
  TABLESPACE "SYSTEM" ;

   COMMENT ON COLUMN "OTB"."SIDO"."SIDO_CODE" IS '시도 번호';
   COMMENT ON COLUMN "OTB"."SIDO"."SIDO_NAME" IS '시도 이름';
   COMMENT ON TABLE "OTB"."SIDO"  IS '지역 정보';
--------------------------------------------------------
--  DDL for Table SIGUNGU
--------------------------------------------------------

  CREATE TABLE "OTB"."SIGUNGU" 
   (	"SIGUNGU_CODE" NUMBER(20,0), 
	"SIDO_CODE" NUMBER(20,0), 
	"SIGUNGU_NAME" VARCHAR2(20 BYTE)
   ) SEGMENT CREATION IMMEDIATE 
  PCTFREE 10 PCTUSED 40 INITRANS 1 MAXTRANS 255 NOCOMPRESS LOGGING
  STORAGE(INITIAL 65536 NEXT 1048576 MINEXTENTS 1 MAXEXTENTS 2147483645
  PCTINCREASE 0 FREELISTS 1 FREELIST GROUPS 1 BUFFER_POOL DEFAULT FLASH_CACHE DEFAULT CELL_FLASH_CACHE DEFAULT)
  TABLESPACE "SYSTEM" ;

   COMMENT ON COLUMN "OTB"."SIGUNGU"."SIGUNGU_CODE" IS '시군구 번호';
   COMMENT ON COLUMN "OTB"."SIGUNGU"."SIDO_CODE" IS '시도 번호';
   COMMENT ON COLUMN "OTB"."SIGUNGU"."SIGUNGU_NAME" IS '시군구 이름';
   COMMENT ON TABLE "OTB"."SIGUNGU"  IS '세부 지역';
--------------------------------------------------------
--  DDL for Table STORE
--------------------------------------------------------

  CREATE TABLE "OTB"."STORE" 
   (	"STORE_NO" NUMBER(20,0), 
	"USER_NO" NUMBER(20,0), 
	"STORE_TYPE" VARCHAR2(10 BYTE), 
	"STORE_NAME" VARCHAR2(100 BYTE), 
	"STORE_BUSINESS_NO" VARCHAR2(100 BYTE), 
	"STORE_ADDRESS_ROAD" VARCHAR2(500 BYTE), 
	"STORE_ADDRESS_DETAIL" VARCHAR2(500 BYTE), 
	"STORE_LATITUDE" NUMBER(16,12), 
	"STORE_LONGITUDE" NUMBER(16,12), 
	"STORE_PHONE_NO" VARCHAR2(100 BYTE), 
	"STORE_DESCRIPTION" VARCHAR2(500 BYTE), 
	"STORE_CHARGE_WEEK" NUMBER(10,0), 
	"STORE_CHARGE_WEEKEND" NUMBER(10,0), 
	"SIDO_CODE" NUMBER(20,0), 
	"SIGUNGU_CODE" NUMBER(20,0)
   ) SEGMENT CREATION IMMEDIATE 
  PCTFREE 10 PCTUSED 40 INITRANS 1 MAXTRANS 255 NOCOMPRESS LOGGING
  STORAGE(INITIAL 65536 NEXT 1048576 MINEXTENTS 1 MAXEXTENTS 2147483645
  PCTINCREASE 0 FREELISTS 1 FREELIST GROUPS 1 BUFFER_POOL DEFAULT FLASH_CACHE DEFAULT CELL_FLASH_CACHE DEFAULT)
  TABLESPACE "SYSTEM" ;

   COMMENT ON COLUMN "OTB"."STORE"."STORE_NO" IS '매장 일련번호';
   COMMENT ON COLUMN "OTB"."STORE"."USER_NO" IS '유저 일련번호';
   COMMENT ON COLUMN "OTB"."STORE"."STORE_TYPE" IS '업종';
   COMMENT ON COLUMN "OTB"."STORE"."STORE_NAME" IS '매장 이름';
   COMMENT ON COLUMN "OTB"."STORE"."STORE_BUSINESS_NO" IS '사업자 번호';
   COMMENT ON COLUMN "OTB"."STORE"."STORE_ADDRESS_ROAD" IS '매장 주소(도로명)';
   COMMENT ON COLUMN "OTB"."STORE"."STORE_ADDRESS_DETAIL" IS '매장 상세주소';
   COMMENT ON COLUMN "OTB"."STORE"."STORE_LATITUDE" IS '위도';
   COMMENT ON COLUMN "OTB"."STORE"."STORE_LONGITUDE" IS '경도';
   COMMENT ON COLUMN "OTB"."STORE"."STORE_PHONE_NO" IS '대표전화 ';
   COMMENT ON COLUMN "OTB"."STORE"."STORE_DESCRIPTION" IS '매장소개';
   COMMENT ON COLUMN "OTB"."STORE"."STORE_CHARGE_WEEK" IS '요금평일';
   COMMENT ON COLUMN "OTB"."STORE"."STORE_CHARGE_WEEKEND" IS '요금주말';
   COMMENT ON COLUMN "OTB"."STORE"."SIDO_CODE" IS '시도 번호';
   COMMENT ON COLUMN "OTB"."STORE"."SIGUNGU_CODE" IS '시군구 번호';
   COMMENT ON TABLE "OTB"."STORE"  IS '매장';
--------------------------------------------------------
--  DDL for Table STORE_BOOKMARK
--------------------------------------------------------

  CREATE TABLE "OTB"."STORE_BOOKMARK" 
   (	"STORE_BOOKMARK_NO" NUMBER(20,0), 
	"USER_NO" NUMBER(20,0), 
	"STORE_NO" NUMBER(20,0)
   ) SEGMENT CREATION IMMEDIATE 
  PCTFREE 10 PCTUSED 40 INITRANS 1 MAXTRANS 255 NOCOMPRESS LOGGING
  STORAGE(INITIAL 65536 NEXT 1048576 MINEXTENTS 1 MAXEXTENTS 2147483645
  PCTINCREASE 0 FREELISTS 1 FREELIST GROUPS 1 BUFFER_POOL DEFAULT FLASH_CACHE DEFAULT CELL_FLASH_CACHE DEFAULT)
  TABLESPACE "SYSTEM" ;

   COMMENT ON COLUMN "OTB"."STORE_BOOKMARK"."STORE_BOOKMARK_NO" IS '매장 찜 번호';
   COMMENT ON COLUMN "OTB"."STORE_BOOKMARK"."USER_NO" IS '유저 일련번호';
   COMMENT ON COLUMN "OTB"."STORE_BOOKMARK"."STORE_NO" IS '매장 일련번호';
   COMMENT ON TABLE "OTB"."STORE_BOOKMARK"  IS '매장 찜 목록';
--------------------------------------------------------
--  DDL for Table STORE_IMAGE
--------------------------------------------------------

  CREATE TABLE "OTB"."STORE_IMAGE" 
   (	"STORE_IMAGE_NO" NUMBER(20,0), 
	"STORE_NO" NUMBER(20,0), 
	"STORE_PATH_IMAGE" VARCHAR2(500 BYTE)
   ) SEGMENT CREATION IMMEDIATE 
  PCTFREE 10 PCTUSED 40 INITRANS 1 MAXTRANS 255 NOCOMPRESS LOGGING
  STORAGE(INITIAL 65536 NEXT 1048576 MINEXTENTS 1 MAXEXTENTS 2147483645
  PCTINCREASE 0 FREELISTS 1 FREELIST GROUPS 1 BUFFER_POOL DEFAULT FLASH_CACHE DEFAULT CELL_FLASH_CACHE DEFAULT)
  TABLESPACE "SYSTEM" ;

   COMMENT ON COLUMN "OTB"."STORE_IMAGE"."STORE_IMAGE_NO" IS '매장이미지번호';
   COMMENT ON COLUMN "OTB"."STORE_IMAGE"."STORE_NO" IS '매장 일련번호';
   COMMENT ON COLUMN "OTB"."STORE_IMAGE"."STORE_PATH_IMAGE" IS '이미지경로';
   COMMENT ON TABLE "OTB"."STORE_IMAGE"  IS '매장이미지';
--------------------------------------------------------
--  DDL for Table STORE_REVIEW
--------------------------------------------------------

  CREATE TABLE "OTB"."STORE_REVIEW" 
   (	"STORE_REVIEW_NO" NUMBER(20,0), 
	"RESERVATION_NO" NUMBER(20,0), 
	"STORE_NO" NUMBER(20,0), 
	"STORE_REVIEW_CONTENT" VARCHAR2(500 BYTE), 
	"STORE_REVIEW_SCORE" NUMBER(10,0), 
	"STORE_REVIEW_REG_DATE" DATE, 
	"USER_NO" NUMBER(20,0)
   ) SEGMENT CREATION IMMEDIATE 
  PCTFREE 10 PCTUSED 40 INITRANS 1 MAXTRANS 255 NOCOMPRESS LOGGING
  STORAGE(INITIAL 65536 NEXT 1048576 MINEXTENTS 1 MAXEXTENTS 2147483645
  PCTINCREASE 0 FREELISTS 1 FREELIST GROUPS 1 BUFFER_POOL DEFAULT FLASH_CACHE DEFAULT CELL_FLASH_CACHE DEFAULT)
  TABLESPACE "SYSTEM" ;

   COMMENT ON COLUMN "OTB"."STORE_REVIEW"."STORE_REVIEW_NO" IS '리뷰 일련번호';
   COMMENT ON COLUMN "OTB"."STORE_REVIEW"."RESERVATION_NO" IS '예약 일련번호';
   COMMENT ON COLUMN "OTB"."STORE_REVIEW"."STORE_NO" IS '매장 일련번호';
   COMMENT ON COLUMN "OTB"."STORE_REVIEW"."STORE_REVIEW_CONTENT" IS '리뷰 내용';
   COMMENT ON COLUMN "OTB"."STORE_REVIEW"."STORE_REVIEW_SCORE" IS '평점';
   COMMENT ON COLUMN "OTB"."STORE_REVIEW"."STORE_REVIEW_REG_DATE" IS '등록일';
   COMMENT ON COLUMN "OTB"."STORE_REVIEW"."USER_NO" IS '유저 일련번호(작성자)';
   COMMENT ON TABLE "OTB"."STORE_REVIEW"  IS '리뷰 정보';
--------------------------------------------------------
--  DDL for Table THEME
--------------------------------------------------------

  CREATE TABLE "OTB"."THEME" 
   (	"THEME_NO" NUMBER(20,0), 
	"THEME_NAME" VARCHAR2(20 BYTE)
   ) SEGMENT CREATION IMMEDIATE 
  PCTFREE 10 PCTUSED 40 INITRANS 1 MAXTRANS 255 NOCOMPRESS LOGGING
  STORAGE(INITIAL 65536 NEXT 1048576 MINEXTENTS 1 MAXEXTENTS 2147483645
  PCTINCREASE 0 FREELISTS 1 FREELIST GROUPS 1 BUFFER_POOL DEFAULT FLASH_CACHE DEFAULT CELL_FLASH_CACHE DEFAULT)
  TABLESPACE "SYSTEM" ;

   COMMENT ON COLUMN "OTB"."THEME"."THEME_NO" IS '테마 고유번호';
   COMMENT ON COLUMN "OTB"."THEME"."THEME_NAME" IS '테마 종류';
   COMMENT ON TABLE "OTB"."THEME"  IS '테마-해시태그';
--------------------------------------------------------
--  DDL for Table USERS
--------------------------------------------------------

  CREATE TABLE "OTB"."USERS" 
   (	"USER_NO" NUMBER(20,0), 
	"USER_ID" VARCHAR2(20 BYTE), 
	"USER_PASSWORD" VARCHAR2(20 BYTE), 
	"USER_NAME" VARCHAR2(20 BYTE), 
	"USER_NICKNAME" VARCHAR2(20 BYTE), 
	"USER_GENDER" VARCHAR2(20 BYTE), 
	"USER_EMAIL" VARCHAR2(50 BYTE), 
	"USER_BIRTH_DATE" DATE, 
	"USER_PHONE_NO" VARCHAR2(20 BYTE), 
	"USER_GRADE" NUMBER(1,0), 
	"USER_PATH_PROFILE" VARCHAR2(500 BYTE), 
	"USER_REG_DATE" DATE, 
	"SIDO_CODE" NUMBER(20,0), 
	"SIGUNGU_CODE" NUMBER(20,0)
   ) SEGMENT CREATION IMMEDIATE 
  PCTFREE 10 PCTUSED 40 INITRANS 1 MAXTRANS 255 NOCOMPRESS LOGGING
  STORAGE(INITIAL 65536 NEXT 1048576 MINEXTENTS 1 MAXEXTENTS 2147483645
  PCTINCREASE 0 FREELISTS 1 FREELIST GROUPS 1 BUFFER_POOL DEFAULT FLASH_CACHE DEFAULT CELL_FLASH_CACHE DEFAULT)
  TABLESPACE "SYSTEM" ;

   COMMENT ON COLUMN "OTB"."USERS"."USER_NO" IS '유저 일련번호';
   COMMENT ON COLUMN "OTB"."USERS"."USER_ID" IS '아이디';
   COMMENT ON COLUMN "OTB"."USERS"."USER_PASSWORD" IS '비밀번호';
   COMMENT ON COLUMN "OTB"."USERS"."USER_NAME" IS '이름';
   COMMENT ON COLUMN "OTB"."USERS"."USER_NICKNAME" IS '닉네임';
   COMMENT ON COLUMN "OTB"."USERS"."USER_GENDER" IS '성별';
   COMMENT ON COLUMN "OTB"."USERS"."USER_EMAIL" IS '이메일';
   COMMENT ON COLUMN "OTB"."USERS"."USER_BIRTH_DATE" IS '생년월일';
   COMMENT ON COLUMN "OTB"."USERS"."USER_PHONE_NO" IS '휴대전화';
   COMMENT ON COLUMN "OTB"."USERS"."USER_GRADE" IS '유저 등급(사업자/ 일반 유저)';
   COMMENT ON COLUMN "OTB"."USERS"."USER_PATH_PROFILE" IS '프로필 사진 경로';
   COMMENT ON COLUMN "OTB"."USERS"."USER_REG_DATE" IS '가입일';
   COMMENT ON COLUMN "OTB"."USERS"."SIDO_CODE" IS '시도 번호';
   COMMENT ON COLUMN "OTB"."USERS"."SIGUNGU_CODE" IS '시군구 번호';
   COMMENT ON TABLE "OTB"."USERS"  IS '유저';
REM INSERTING into OTB.COMMENTS
SET DEFINE OFF;
REM INSERTING into OTB.GAME
SET DEFINE OFF;
Insert into OTB.GAME (GAME_NO,GAME_NAME_KO,GAME_NAME_EN,GAME_PATH_THUMBNAIL,GAME_PEOPLE,GAME_AGE,GAME_TIME,GAME_DIFFICULTY,GAME_DESCRIPTION,GAME_GUIDE,THEME_NO) values (2,'보난자','Bonanza','/thum/1.png','3명~5명','만 10세이상','45분','초급','/desc/1.jpg','OwgKvBQ7bqs',2);
Insert into OTB.GAME (GAME_NO,GAME_NAME_KO,GAME_NAME_EN,GAME_PATH_THUMBNAIL,GAME_PEOPLE,GAME_AGE,GAME_TIME,GAME_DIFFICULTY,GAME_DESCRIPTION,GAME_GUIDE,THEME_NO) values (3,'아컴호러','Arkham Horror','/thum/2.png','1명~4명','만 12세이상','60분','고급','/desc/2.jpg','OkaaG0_oAtI',7);
Insert into OTB.GAME (GAME_NO,GAME_NAME_KO,GAME_NAME_EN,GAME_PATH_THUMBNAIL,GAME_PEOPLE,GAME_AGE,GAME_TIME,GAME_DIFFICULTY,GAME_DESCRIPTION,GAME_GUIDE,THEME_NO) values (4,'할리갈리','Halli Galli','/thum/3.png','2명~6명','만 6세이상','10분','초급','/desc/3.jpg','0q0yClzjADk',5);
Insert into OTB.GAME (GAME_NO,GAME_NAME_KO,GAME_NAME_EN,GAME_PATH_THUMBNAIL,GAME_PEOPLE,GAME_AGE,GAME_TIME,GAME_DIFFICULTY,GAME_DESCRIPTION,GAME_GUIDE,THEME_NO) values (5,'블리츠크리그','Blitzkrieg!','/thum/4.png','1명~2명','만 14세이상','20분','초급','/desc/4.jpg','y9L__EI7dw8',8);
Insert into OTB.GAME (GAME_NO,GAME_NAME_KO,GAME_NAME_EN,GAME_PATH_THUMBNAIL,GAME_PEOPLE,GAME_AGE,GAME_TIME,GAME_DIFFICULTY,GAME_DESCRIPTION,GAME_GUIDE,THEME_NO) values (6,'딕싯','Dixit','/thum/5.png','3명~8명','만 8세이상','30분','초급','/desc/5.jpg','L7Dd7nZcEEw',4);
Insert into OTB.GAME (GAME_NO,GAME_NAME_KO,GAME_NAME_EN,GAME_PATH_THUMBNAIL,GAME_PEOPLE,GAME_AGE,GAME_TIME,GAME_DIFFICULTY,GAME_DESCRIPTION,GAME_GUIDE,THEME_NO) values (7,'7원더스','7 Wonders','/thum/6.jpg','3명~7명','만 14세이상','30분','초급','/desc/6.jpg','HBUMGsAP4Gc',4);
Insert into OTB.GAME (GAME_NO,GAME_NAME_KO,GAME_NAME_EN,GAME_PATH_THUMBNAIL,GAME_PEOPLE,GAME_AGE,GAME_TIME,GAME_DIFFICULTY,GAME_DESCRIPTION,GAME_GUIDE,THEME_NO) values (8,'치킨차차 숨바꼭질','Zicke Zacke','/thum/7.png','2명~5명','만 4세이상','15분','초급','/desc/7.jpg','7a-u9BJkKJw',6);
Insert into OTB.GAME (GAME_NO,GAME_NAME_KO,GAME_NAME_EN,GAME_PATH_THUMBNAIL,GAME_PEOPLE,GAME_AGE,GAME_TIME,GAME_DIFFICULTY,GAME_DESCRIPTION,GAME_GUIDE,THEME_NO) values (9,'카탄: 카드게임','Catan: Das schnelle Kartenspiel','/thum/8.png','2명~4명','만 10세이상','30분','중급','/desc/8.jpg','37V2ajpMEic',4);
Insert into OTB.GAME (GAME_NO,GAME_NAME_KO,GAME_NAME_EN,GAME_PATH_THUMBNAIL,GAME_PEOPLE,GAME_AGE,GAME_TIME,GAME_DIFFICULTY,GAME_DESCRIPTION,GAME_GUIDE,THEME_NO) values (10,'테라포밍 마스','Terraforming Mars','/thum/9.jpg','1명~5명','만 14세이상','90분','고급','/desc/9.jpg','a52Pq1-JCiw',1);
Insert into OTB.GAME (GAME_NO,GAME_NAME_KO,GAME_NAME_EN,GAME_PATH_THUMBNAIL,GAME_PEOPLE,GAME_AGE,GAME_TIME,GAME_DIFFICULTY,GAME_DESCRIPTION,GAME_GUIDE,THEME_NO) values (11,'뱅','Bang!','/thum/10.png','4명~7명','만 8세이상','20분','초급','/desc/10.jpg','IK3S970wSn8',5);
Insert into OTB.GAME (GAME_NO,GAME_NAME_KO,GAME_NAME_EN,GAME_PATH_THUMBNAIL,GAME_PEOPLE,GAME_AGE,GAME_TIME,GAME_DIFFICULTY,GAME_DESCRIPTION,GAME_GUIDE,THEME_NO) values (12,'보난자','Bohnanza','/thum/11.png','3명~5명','만 10세이상','45분','초급','/desc/11.jpg','OwgKvBQ7bqs',4);
Insert into OTB.GAME (GAME_NO,GAME_NAME_KO,GAME_NAME_EN,GAME_PATH_THUMBNAIL,GAME_PEOPLE,GAME_AGE,GAME_TIME,GAME_DIFFICULTY,GAME_DESCRIPTION,GAME_GUIDE,THEME_NO) values (13,'잭스님트','6 Nimmt!','/thum/12.png','2명~10명','만 8세이상','20분','초급','/desc/12.jpg','9q7SQ6ylIug',4);
Insert into OTB.GAME (GAME_NO,GAME_NAME_KO,GAME_NAME_EN,GAME_PATH_THUMBNAIL,GAME_PEOPLE,GAME_AGE,GAME_TIME,GAME_DIFFICULTY,GAME_DESCRIPTION,GAME_GUIDE,THEME_NO) values (14,'우봉고','Ubongo','/thum/13.jpg','1명~4명','만 8세이상','20분','초급','/desc/13.jpg','A3Mbn0m25eA',12);
Insert into OTB.GAME (GAME_NO,GAME_NAME_KO,GAME_NAME_EN,GAME_PATH_THUMBNAIL,GAME_PEOPLE,GAME_AGE,GAME_TIME,GAME_DIFFICULTY,GAME_DESCRIPTION,GAME_GUIDE,THEME_NO) values (15,'우노','Uno','/thum/14.png','2명~10명','만 7세이상','20분','초급','/desc/14.jpg','bbtMloNezvM',6);
Insert into OTB.GAME (GAME_NO,GAME_NAME_KO,GAME_NAME_EN,GAME_PATH_THUMBNAIL,GAME_PEOPLE,GAME_AGE,GAME_TIME,GAME_DIFFICULTY,GAME_DESCRIPTION,GAME_GUIDE,THEME_NO) values (16,'팬데믹','Pandemic','/thum/15.png','2명~4명','만 8세이상','45분','중급','/desc/15.jpg','urllnrCU_G0',11);
Insert into OTB.GAME (GAME_NO,GAME_NAME_KO,GAME_NAME_EN,GAME_PATH_THUMBNAIL,GAME_PEOPLE,GAME_AGE,GAME_TIME,GAME_DIFFICULTY,GAME_DESCRIPTION,GAME_GUIDE,THEME_NO) values (17,'골드러시','Gold River','/thum/16.jpg','2명~5명','만 8세이상','30분','초급','/desc/16.jpg','vdblou9WbYs',11);
Insert into OTB.GAME (GAME_NO,GAME_NAME_KO,GAME_NAME_EN,GAME_PATH_THUMBNAIL,GAME_PEOPLE,GAME_AGE,GAME_TIME,GAME_DIFFICULTY,GAME_DESCRIPTION,GAME_GUIDE,THEME_NO) values (18,'다빈치 코드','Da Vinci Code','/thum/17.jpg','2명~4명','만 7세이상','10분','초급','/desc/17.jpg','LkFj3833w14',4);
Insert into OTB.GAME (GAME_NO,GAME_NAME_KO,GAME_NAME_EN,GAME_PATH_THUMBNAIL,GAME_PEOPLE,GAME_AGE,GAME_TIME,GAME_DIFFICULTY,GAME_DESCRIPTION,GAME_GUIDE,THEME_NO) values (19,'신비아파트 라온',null,'/thum/18.png','2명~4명','만 5세이상','10분','초급','/desc/18.jpg','qaaoxbNYbv4',6);
Insert into OTB.GAME (GAME_NO,GAME_NAME_KO,GAME_NAME_EN,GAME_PATH_THUMBNAIL,GAME_PEOPLE,GAME_AGE,GAME_TIME,GAME_DIFFICULTY,GAME_DESCRIPTION,GAME_GUIDE,THEME_NO) values (20,'마블 봅슬레이','Marble Bobsleigh','/thum/19.jpg','2명~4명','만 6세이상','15분','초급','/desc/19.jpg','0Cn_HesTgQc',6);
Insert into OTB.GAME (GAME_NO,GAME_NAME_KO,GAME_NAME_EN,GAME_PATH_THUMBNAIL,GAME_PEOPLE,GAME_AGE,GAME_TIME,GAME_DIFFICULTY,GAME_DESCRIPTION,GAME_GUIDE,THEME_NO) values (21,'워드 캡처','Word Capture','/thum/20.png','2명~6명','만 6세이상','10분','초급','/desc/20.jpg','SDlMApcaWoI',5);
Insert into OTB.GAME (GAME_NO,GAME_NAME_KO,GAME_NAME_EN,GAME_PATH_THUMBNAIL,GAME_PEOPLE,GAME_AGE,GAME_TIME,GAME_DIFFICULTY,GAME_DESCRIPTION,GAME_GUIDE,THEME_NO) values (22,'아줄:여름 별장','Azul: Summer Pavilion','/thum/21.jpg','2명~4명','만 8세이상','30분','중급','/desc/21.jpg','KkuPCmA-EIY',1);
Insert into OTB.GAME (GAME_NO,GAME_NAME_KO,GAME_NAME_EN,GAME_PATH_THUMBNAIL,GAME_PEOPLE,GAME_AGE,GAME_TIME,GAME_DIFFICULTY,GAME_DESCRIPTION,GAME_GUIDE,THEME_NO) values (23,'영리한 여우','Ganz schön clever','/thum/22.png','1명~4명','만 8세이상','30분','중급','/desc/22.jpg','86ARFeHUMeM',14);
Insert into OTB.GAME (GAME_NO,GAME_NAME_KO,GAME_NAME_EN,GAME_PATH_THUMBNAIL,GAME_PEOPLE,GAME_AGE,GAME_TIME,GAME_DIFFICULTY,GAME_DESCRIPTION,GAME_GUIDE,THEME_NO) values (24,'판타지 왕국','Fantasy Realms','/thum/23.jpg','2명~6명','만 10세이상','10분','초급','/desc/23.png','oF4mSFUV4Aw',1);
Insert into OTB.GAME (GAME_NO,GAME_NAME_KO,GAME_NAME_EN,GAME_PATH_THUMBNAIL,GAME_PEOPLE,GAME_AGE,GAME_TIME,GAME_DIFFICULTY,GAME_DESCRIPTION,GAME_GUIDE,THEME_NO) values (25,'데드 맨스 드로우','Dead Mans Draw','/thum/24.png','2명~4명','만 13세이상','20분','초급','/desc/24.png','E4gWW_NEjdw',5);
Insert into OTB.GAME (GAME_NO,GAME_NAME_KO,GAME_NAME_EN,GAME_PATH_THUMBNAIL,GAME_PEOPLE,GAME_AGE,GAME_TIME,GAME_DIFFICULTY,GAME_DESCRIPTION,GAME_GUIDE,THEME_NO) values (26,'신비아파트 젬블로',null,'/thum/25.png','1명~6명','만 5세이상','20분','초급','/desc/25.jpg','dujYg_a2g1k',6);
Insert into OTB.GAME (GAME_NO,GAME_NAME_KO,GAME_NAME_EN,GAME_PATH_THUMBNAIL,GAME_PEOPLE,GAME_AGE,GAME_TIME,GAME_DIFFICULTY,GAME_DESCRIPTION,GAME_GUIDE,THEME_NO) values (27,'브레인 스톰','Brain Storm','/thum/26.png','2명~10명','만 12세이상','10분','초급','/desc/26.jpg','m-bYp-2wWM8',5);
Insert into OTB.GAME (GAME_NO,GAME_NAME_KO,GAME_NAME_EN,GAME_PATH_THUMBNAIL,GAME_PEOPLE,GAME_AGE,GAME_TIME,GAME_DIFFICULTY,GAME_DESCRIPTION,GAME_GUIDE,THEME_NO) values (28,'라온 채우기',null,'/thum/27.png','2명~4명','만 5세이상','20분','초급','/desc/27.jpg','QplCLm1LL5o',5);
Insert into OTB.GAME (GAME_NO,GAME_NAME_KO,GAME_NAME_EN,GAME_PATH_THUMBNAIL,GAME_PEOPLE,GAME_AGE,GAME_TIME,GAME_DIFFICULTY,GAME_DESCRIPTION,GAME_GUIDE,THEME_NO) values (29,'뮤즈','Muse','/thum/28.png','2명~10명','만 6세이상','10분','초급','/desc/28.png','0osy8uC4bdU',4);
Insert into OTB.GAME (GAME_NO,GAME_NAME_KO,GAME_NAME_EN,GAME_PATH_THUMBNAIL,GAME_PEOPLE,GAME_AGE,GAME_TIME,GAME_DIFFICULTY,GAME_DESCRIPTION,GAME_GUIDE,THEME_NO) values (30,'역사의 흐름','Flow of History','/thum/29.png','2명~5명','만 13세이상','60분','고급','/desc/29.png','EES0IDdJnF4',1);
Insert into OTB.GAME (GAME_NO,GAME_NAME_KO,GAME_NAME_EN,GAME_PATH_THUMBNAIL,GAME_PEOPLE,GAME_AGE,GAME_TIME,GAME_DIFFICULTY,GAME_DESCRIPTION,GAME_GUIDE,THEME_NO) values (31,'스플렌더','Splender','/thum/30.png','2명~4명','만 10세이상','30분','중급','/desc/30.jpg','78Ga9vT3eIE',1);
REM INSERTING into OTB.GAME_BOOKMARK
SET DEFINE OFF;
REM INSERTING into OTB.HASHTAG
SET DEFINE OFF;
REM INSERTING into OTB.MATCHING
SET DEFINE OFF;
REM INSERTING into OTB.MATCHING_GROUP
SET DEFINE OFF;
REM INSERTING into OTB.MESSAGE
SET DEFINE OFF;
REM INSERTING into OTB.OWNED_GAME
SET DEFINE OFF;
Insert into OTB.OWNED_GAME (OWNED_GAME_NO,STORE_NO,GAME_NO) values (22,20,2);
Insert into OTB.OWNED_GAME (OWNED_GAME_NO,STORE_NO,GAME_NO) values (2,31,3);
Insert into OTB.OWNED_GAME (OWNED_GAME_NO,STORE_NO,GAME_NO) values (3,31,4);
Insert into OTB.OWNED_GAME (OWNED_GAME_NO,STORE_NO,GAME_NO) values (4,31,6);
Insert into OTB.OWNED_GAME (OWNED_GAME_NO,STORE_NO,GAME_NO) values (5,31,7);
Insert into OTB.OWNED_GAME (OWNED_GAME_NO,STORE_NO,GAME_NO) values (6,31,9);
Insert into OTB.OWNED_GAME (OWNED_GAME_NO,STORE_NO,GAME_NO) values (15,31,28);
Insert into OTB.OWNED_GAME (OWNED_GAME_NO,STORE_NO,GAME_NO) values (13,31,23);
Insert into OTB.OWNED_GAME (OWNED_GAME_NO,STORE_NO,GAME_NO) values (14,31,26);
Insert into OTB.OWNED_GAME (OWNED_GAME_NO,STORE_NO,GAME_NO) values (16,31,17);
Insert into OTB.OWNED_GAME (OWNED_GAME_NO,STORE_NO,GAME_NO) values (17,31,20);
Insert into OTB.OWNED_GAME (OWNED_GAME_NO,STORE_NO,GAME_NO) values (18,31,21);
Insert into OTB.OWNED_GAME (OWNED_GAME_NO,STORE_NO,GAME_NO) values (23,20,4);
Insert into OTB.OWNED_GAME (OWNED_GAME_NO,STORE_NO,GAME_NO) values (20,31,31);
Insert into OTB.OWNED_GAME (OWNED_GAME_NO,STORE_NO,GAME_NO) values (21,20,31);
Insert into OTB.OWNED_GAME (OWNED_GAME_NO,STORE_NO,GAME_NO) values (24,20,3);
Insert into OTB.OWNED_GAME (OWNED_GAME_NO,STORE_NO,GAME_NO) values (25,20,5);
Insert into OTB.OWNED_GAME (OWNED_GAME_NO,STORE_NO,GAME_NO) values (26,20,6);
Insert into OTB.OWNED_GAME (OWNED_GAME_NO,STORE_NO,GAME_NO) values (27,20,7);
Insert into OTB.OWNED_GAME (OWNED_GAME_NO,STORE_NO,GAME_NO) values (28,20,8);
Insert into OTB.OWNED_GAME (OWNED_GAME_NO,STORE_NO,GAME_NO) values (29,20,9);
Insert into OTB.OWNED_GAME (OWNED_GAME_NO,STORE_NO,GAME_NO) values (30,20,10);
Insert into OTB.OWNED_GAME (OWNED_GAME_NO,STORE_NO,GAME_NO) values (31,20,11);
REM INSERTING into OTB.REPLY
SET DEFINE OFF;
REM INSERTING into OTB.RESERVATION
SET DEFINE OFF;
REM INSERTING into OTB.RESERVATION_DATE
SET DEFINE OFF;
Insert into OTB.RESERVATION_DATE (RESERVATION_DATE_NO,STORE_NO,STORE_RESERVATION_DATE,STORE_RESERVATION_TOTAL,STORE_RESERVATION_MAX,DATE_TYPE) values (1,20,to_date('21/10/05','RR/MM/DD'),20,4,null);
Insert into OTB.RESERVATION_DATE (RESERVATION_DATE_NO,STORE_NO,STORE_RESERVATION_DATE,STORE_RESERVATION_TOTAL,STORE_RESERVATION_MAX,DATE_TYPE) values (4,20,to_date('21/10/13','RR/MM/DD'),20,4,null);
Insert into OTB.RESERVATION_DATE (RESERVATION_DATE_NO,STORE_NO,STORE_RESERVATION_DATE,STORE_RESERVATION_TOTAL,STORE_RESERVATION_MAX,DATE_TYPE) values (2,20,to_date('21/10/12','RR/MM/DD'),20,4,null);
Insert into OTB.RESERVATION_DATE (RESERVATION_DATE_NO,STORE_NO,STORE_RESERVATION_DATE,STORE_RESERVATION_TOTAL,STORE_RESERVATION_MAX,DATE_TYPE) values (3,20,to_date('21/10/06','RR/MM/DD'),20,4,null);
Insert into OTB.RESERVATION_DATE (RESERVATION_DATE_NO,STORE_NO,STORE_RESERVATION_DATE,STORE_RESERVATION_TOTAL,STORE_RESERVATION_MAX,DATE_TYPE) values (5,20,to_date('21/10/20','RR/MM/DD'),20,4,null);
Insert into OTB.RESERVATION_DATE (RESERVATION_DATE_NO,STORE_NO,STORE_RESERVATION_DATE,STORE_RESERVATION_TOTAL,STORE_RESERVATION_MAX,DATE_TYPE) values (6,20,to_date('21/10/04','RR/MM/DD'),0,2,null);
Insert into OTB.RESERVATION_DATE (RESERVATION_DATE_NO,STORE_NO,STORE_RESERVATION_DATE,STORE_RESERVATION_TOTAL,STORE_RESERVATION_MAX,DATE_TYPE) values (7,20,to_date('21/10/11','RR/MM/DD'),0,2,null);
Insert into OTB.RESERVATION_DATE (RESERVATION_DATE_NO,STORE_NO,STORE_RESERVATION_DATE,STORE_RESERVATION_TOTAL,STORE_RESERVATION_MAX,DATE_TYPE) values (8,20,to_date('21/10/18','RR/MM/DD'),0,2,null);
Insert into OTB.RESERVATION_DATE (RESERVATION_DATE_NO,STORE_NO,STORE_RESERVATION_DATE,STORE_RESERVATION_TOTAL,STORE_RESERVATION_MAX,DATE_TYPE) values (9,20,to_date('21/10/26','RR/MM/DD'),0,2,null);
Insert into OTB.RESERVATION_DATE (RESERVATION_DATE_NO,STORE_NO,STORE_RESERVATION_DATE,STORE_RESERVATION_TOTAL,STORE_RESERVATION_MAX,DATE_TYPE) values (11,20,to_date('21/11/13','RR/MM/DD'),20,5,'7');
Insert into OTB.RESERVATION_DATE (RESERVATION_DATE_NO,STORE_NO,STORE_RESERVATION_DATE,STORE_RESERVATION_TOTAL,STORE_RESERVATION_MAX,DATE_TYPE) values (12,20,to_date('21/11/12','RR/MM/DD'),20,5,'6');
Insert into OTB.RESERVATION_DATE (RESERVATION_DATE_NO,STORE_NO,STORE_RESERVATION_DATE,STORE_RESERVATION_TOTAL,STORE_RESERVATION_MAX,DATE_TYPE) values (13,20,to_date('21/10/27','RR/MM/DD'),30,2,'4');
Insert into OTB.RESERVATION_DATE (RESERVATION_DATE_NO,STORE_NO,STORE_RESERVATION_DATE,STORE_RESERVATION_TOTAL,STORE_RESERVATION_MAX,DATE_TYPE) values (14,20,to_date('21/10/22','RR/MM/DD'),30,2,'6');
Insert into OTB.RESERVATION_DATE (RESERVATION_DATE_NO,STORE_NO,STORE_RESERVATION_DATE,STORE_RESERVATION_TOTAL,STORE_RESERVATION_MAX,DATE_TYPE) values (15,20,to_date('22/01/09','RR/MM/DD'),30,2,'1');
Insert into OTB.RESERVATION_DATE (RESERVATION_DATE_NO,STORE_NO,STORE_RESERVATION_DATE,STORE_RESERVATION_TOTAL,STORE_RESERVATION_MAX,DATE_TYPE) values (16,20,to_date('22/01/10','RR/MM/DD'),30,2,'2');
Insert into OTB.RESERVATION_DATE (RESERVATION_DATE_NO,STORE_NO,STORE_RESERVATION_DATE,STORE_RESERVATION_TOTAL,STORE_RESERVATION_MAX,DATE_TYPE) values (17,20,to_date('22/01/11','RR/MM/DD'),30,2,'3');
Insert into OTB.RESERVATION_DATE (RESERVATION_DATE_NO,STORE_NO,STORE_RESERVATION_DATE,STORE_RESERVATION_TOTAL,STORE_RESERVATION_MAX,DATE_TYPE) values (18,20,to_date('22/01/12','RR/MM/DD'),30,2,'4');
Insert into OTB.RESERVATION_DATE (RESERVATION_DATE_NO,STORE_NO,STORE_RESERVATION_DATE,STORE_RESERVATION_TOTAL,STORE_RESERVATION_MAX,DATE_TYPE) values (19,20,to_date('22/01/13','RR/MM/DD'),30,2,'5');
Insert into OTB.RESERVATION_DATE (RESERVATION_DATE_NO,STORE_NO,STORE_RESERVATION_DATE,STORE_RESERVATION_TOTAL,STORE_RESERVATION_MAX,DATE_TYPE) values (20,20,to_date('22/01/14','RR/MM/DD'),30,2,'6');
Insert into OTB.RESERVATION_DATE (RESERVATION_DATE_NO,STORE_NO,STORE_RESERVATION_DATE,STORE_RESERVATION_TOTAL,STORE_RESERVATION_MAX,DATE_TYPE) values (21,20,to_date('22/01/15','RR/MM/DD'),30,2,'7');
Insert into OTB.RESERVATION_DATE (RESERVATION_DATE_NO,STORE_NO,STORE_RESERVATION_DATE,STORE_RESERVATION_TOTAL,STORE_RESERVATION_MAX,DATE_TYPE) values (22,31,to_date('21/10/06','RR/MM/DD'),22,4,'4');
Insert into OTB.RESERVATION_DATE (RESERVATION_DATE_NO,STORE_NO,STORE_RESERVATION_DATE,STORE_RESERVATION_TOTAL,STORE_RESERVATION_MAX,DATE_TYPE) values (23,31,to_date('21/10/13','RR/MM/DD'),22,4,'4');
Insert into OTB.RESERVATION_DATE (RESERVATION_DATE_NO,STORE_NO,STORE_RESERVATION_DATE,STORE_RESERVATION_TOTAL,STORE_RESERVATION_MAX,DATE_TYPE) values (24,31,to_date('21/10/12','RR/MM/DD'),22,4,'3');
Insert into OTB.RESERVATION_DATE (RESERVATION_DATE_NO,STORE_NO,STORE_RESERVATION_DATE,STORE_RESERVATION_TOTAL,STORE_RESERVATION_MAX,DATE_TYPE) values (25,31,to_date('21/10/19','RR/MM/DD'),22,4,'3');
Insert into OTB.RESERVATION_DATE (RESERVATION_DATE_NO,STORE_NO,STORE_RESERVATION_DATE,STORE_RESERVATION_TOTAL,STORE_RESERVATION_MAX,DATE_TYPE) values (26,31,to_date('21/10/18','RR/MM/DD'),22,4,'2');
Insert into OTB.RESERVATION_DATE (RESERVATION_DATE_NO,STORE_NO,STORE_RESERVATION_DATE,STORE_RESERVATION_TOTAL,STORE_RESERVATION_MAX,DATE_TYPE) values (27,31,to_date('21/10/07','RR/MM/DD'),20,2,'5');
Insert into OTB.RESERVATION_DATE (RESERVATION_DATE_NO,STORE_NO,STORE_RESERVATION_DATE,STORE_RESERVATION_TOTAL,STORE_RESERVATION_MAX,DATE_TYPE) values (28,31,to_date('21/10/14','RR/MM/DD'),20,2,'5');
Insert into OTB.RESERVATION_DATE (RESERVATION_DATE_NO,STORE_NO,STORE_RESERVATION_DATE,STORE_RESERVATION_TOTAL,STORE_RESERVATION_MAX,DATE_TYPE) values (29,31,to_date('21/10/21','RR/MM/DD'),20,2,'5');
Insert into OTB.RESERVATION_DATE (RESERVATION_DATE_NO,STORE_NO,STORE_RESERVATION_DATE,STORE_RESERVATION_TOTAL,STORE_RESERVATION_MAX,DATE_TYPE) values (30,31,to_date('21/10/20','RR/MM/DD'),22,2,'4');
REM INSERTING into OTB.RESERVATION_MEMBER
SET DEFINE OFF;
REM INSERTING into OTB.RESERVATION_TIME
SET DEFINE OFF;
Insert into OTB.RESERVATION_TIME (RESERVATION_TIME_NO,RESERVATION_DATE_NO,STORE_RESERVATION_TIME) values (66,3,'13');
Insert into OTB.RESERVATION_TIME (RESERVATION_TIME_NO,RESERVATION_DATE_NO,STORE_RESERVATION_TIME) values (128,4,'13');
Insert into OTB.RESERVATION_TIME (RESERVATION_TIME_NO,RESERVATION_DATE_NO,STORE_RESERVATION_TIME) values (129,4,'15');
Insert into OTB.RESERVATION_TIME (RESERVATION_TIME_NO,RESERVATION_DATE_NO,STORE_RESERVATION_TIME) values (42,6,'11');
Insert into OTB.RESERVATION_TIME (RESERVATION_TIME_NO,RESERVATION_DATE_NO,STORE_RESERVATION_TIME) values (43,6,'13');
Insert into OTB.RESERVATION_TIME (RESERVATION_TIME_NO,RESERVATION_DATE_NO,STORE_RESERVATION_TIME) values (44,6,'15');
Insert into OTB.RESERVATION_TIME (RESERVATION_TIME_NO,RESERVATION_DATE_NO,STORE_RESERVATION_TIME) values (45,6,'17');
Insert into OTB.RESERVATION_TIME (RESERVATION_TIME_NO,RESERVATION_DATE_NO,STORE_RESERVATION_TIME) values (46,7,'11');
Insert into OTB.RESERVATION_TIME (RESERVATION_TIME_NO,RESERVATION_DATE_NO,STORE_RESERVATION_TIME) values (130,4,'17');
Insert into OTB.RESERVATION_TIME (RESERVATION_TIME_NO,RESERVATION_DATE_NO,STORE_RESERVATION_TIME) values (131,15,'09');
Insert into OTB.RESERVATION_TIME (RESERVATION_TIME_NO,RESERVATION_DATE_NO,STORE_RESERVATION_TIME) values (132,15,'11');
Insert into OTB.RESERVATION_TIME (RESERVATION_TIME_NO,RESERVATION_DATE_NO,STORE_RESERVATION_TIME) values (47,7,'13');
Insert into OTB.RESERVATION_TIME (RESERVATION_TIME_NO,RESERVATION_DATE_NO,STORE_RESERVATION_TIME) values (48,7,'15');
Insert into OTB.RESERVATION_TIME (RESERVATION_TIME_NO,RESERVATION_DATE_NO,STORE_RESERVATION_TIME) values (65,3,'11');
Insert into OTB.RESERVATION_TIME (RESERVATION_TIME_NO,RESERVATION_DATE_NO,STORE_RESERVATION_TIME) values (123,5,'13');
Insert into OTB.RESERVATION_TIME (RESERVATION_TIME_NO,RESERVATION_DATE_NO,STORE_RESERVATION_TIME) values (49,7,'17');
Insert into OTB.RESERVATION_TIME (RESERVATION_TIME_NO,RESERVATION_DATE_NO,STORE_RESERVATION_TIME) values (124,5,'15');
Insert into OTB.RESERVATION_TIME (RESERVATION_TIME_NO,RESERVATION_DATE_NO,STORE_RESERVATION_TIME) values (125,5,'17');
Insert into OTB.RESERVATION_TIME (RESERVATION_TIME_NO,RESERVATION_DATE_NO,STORE_RESERVATION_TIME) values (58,9,'11');
Insert into OTB.RESERVATION_TIME (RESERVATION_TIME_NO,RESERVATION_DATE_NO,STORE_RESERVATION_TIME) values (59,9,'13');
Insert into OTB.RESERVATION_TIME (RESERVATION_TIME_NO,RESERVATION_DATE_NO,STORE_RESERVATION_TIME) values (60,9,'15');
Insert into OTB.RESERVATION_TIME (RESERVATION_TIME_NO,RESERVATION_DATE_NO,STORE_RESERVATION_TIME) values (61,9,'17');
Insert into OTB.RESERVATION_TIME (RESERVATION_TIME_NO,RESERVATION_DATE_NO,STORE_RESERVATION_TIME) values (126,4,'09');
Insert into OTB.RESERVATION_TIME (RESERVATION_TIME_NO,RESERVATION_DATE_NO,STORE_RESERVATION_TIME) values (127,4,'11');
Insert into OTB.RESERVATION_TIME (RESERVATION_TIME_NO,RESERVATION_DATE_NO,STORE_RESERVATION_TIME) values (50,8,'11');
Insert into OTB.RESERVATION_TIME (RESERVATION_TIME_NO,RESERVATION_DATE_NO,STORE_RESERVATION_TIME) values (51,8,'13');
Insert into OTB.RESERVATION_TIME (RESERVATION_TIME_NO,RESERVATION_DATE_NO,STORE_RESERVATION_TIME) values (52,8,'15');
Insert into OTB.RESERVATION_TIME (RESERVATION_TIME_NO,RESERVATION_DATE_NO,STORE_RESERVATION_TIME) values (53,8,'17');
Insert into OTB.RESERVATION_TIME (RESERVATION_TIME_NO,RESERVATION_DATE_NO,STORE_RESERVATION_TIME) values (118,13,'13');
Insert into OTB.RESERVATION_TIME (RESERVATION_TIME_NO,RESERVATION_DATE_NO,STORE_RESERVATION_TIME) values (119,13,'15');
Insert into OTB.RESERVATION_TIME (RESERVATION_TIME_NO,RESERVATION_DATE_NO,STORE_RESERVATION_TIME) values (120,13,'17');
Insert into OTB.RESERVATION_TIME (RESERVATION_TIME_NO,RESERVATION_DATE_NO,STORE_RESERVATION_TIME) values (121,5,'09');
Insert into OTB.RESERVATION_TIME (RESERVATION_TIME_NO,RESERVATION_DATE_NO,STORE_RESERVATION_TIME) values (122,5,'11');
Insert into OTB.RESERVATION_TIME (RESERVATION_TIME_NO,RESERVATION_DATE_NO,STORE_RESERVATION_TIME) values (113,14,'13');
Insert into OTB.RESERVATION_TIME (RESERVATION_TIME_NO,RESERVATION_DATE_NO,STORE_RESERVATION_TIME) values (114,14,'15');
Insert into OTB.RESERVATION_TIME (RESERVATION_TIME_NO,RESERVATION_DATE_NO,STORE_RESERVATION_TIME) values (115,14,'17');
Insert into OTB.RESERVATION_TIME (RESERVATION_TIME_NO,RESERVATION_DATE_NO,STORE_RESERVATION_TIME) values (116,13,'09');
Insert into OTB.RESERVATION_TIME (RESERVATION_TIME_NO,RESERVATION_DATE_NO,STORE_RESERVATION_TIME) values (117,13,'11');
Insert into OTB.RESERVATION_TIME (RESERVATION_TIME_NO,RESERVATION_DATE_NO,STORE_RESERVATION_TIME) values (111,14,'09');
Insert into OTB.RESERVATION_TIME (RESERVATION_TIME_NO,RESERVATION_DATE_NO,STORE_RESERVATION_TIME) values (112,14,'11');
Insert into OTB.RESERVATION_TIME (RESERVATION_TIME_NO,RESERVATION_DATE_NO,STORE_RESERVATION_TIME) values (133,15,'13');
Insert into OTB.RESERVATION_TIME (RESERVATION_TIME_NO,RESERVATION_DATE_NO,STORE_RESERVATION_TIME) values (134,15,'15');
Insert into OTB.RESERVATION_TIME (RESERVATION_TIME_NO,RESERVATION_DATE_NO,STORE_RESERVATION_TIME) values (135,15,'17');
Insert into OTB.RESERVATION_TIME (RESERVATION_TIME_NO,RESERVATION_DATE_NO,STORE_RESERVATION_TIME) values (136,16,'09');
Insert into OTB.RESERVATION_TIME (RESERVATION_TIME_NO,RESERVATION_DATE_NO,STORE_RESERVATION_TIME) values (137,16,'11');
Insert into OTB.RESERVATION_TIME (RESERVATION_TIME_NO,RESERVATION_DATE_NO,STORE_RESERVATION_TIME) values (138,16,'13');
Insert into OTB.RESERVATION_TIME (RESERVATION_TIME_NO,RESERVATION_DATE_NO,STORE_RESERVATION_TIME) values (139,16,'15');
Insert into OTB.RESERVATION_TIME (RESERVATION_TIME_NO,RESERVATION_DATE_NO,STORE_RESERVATION_TIME) values (140,16,'17');
Insert into OTB.RESERVATION_TIME (RESERVATION_TIME_NO,RESERVATION_DATE_NO,STORE_RESERVATION_TIME) values (141,17,'09');
Insert into OTB.RESERVATION_TIME (RESERVATION_TIME_NO,RESERVATION_DATE_NO,STORE_RESERVATION_TIME) values (142,17,'11');
Insert into OTB.RESERVATION_TIME (RESERVATION_TIME_NO,RESERVATION_DATE_NO,STORE_RESERVATION_TIME) values (143,17,'13');
Insert into OTB.RESERVATION_TIME (RESERVATION_TIME_NO,RESERVATION_DATE_NO,STORE_RESERVATION_TIME) values (144,17,'15');
Insert into OTB.RESERVATION_TIME (RESERVATION_TIME_NO,RESERVATION_DATE_NO,STORE_RESERVATION_TIME) values (145,17,'17');
Insert into OTB.RESERVATION_TIME (RESERVATION_TIME_NO,RESERVATION_DATE_NO,STORE_RESERVATION_TIME) values (146,18,'09');
Insert into OTB.RESERVATION_TIME (RESERVATION_TIME_NO,RESERVATION_DATE_NO,STORE_RESERVATION_TIME) values (147,18,'11');
Insert into OTB.RESERVATION_TIME (RESERVATION_TIME_NO,RESERVATION_DATE_NO,STORE_RESERVATION_TIME) values (148,18,'13');
Insert into OTB.RESERVATION_TIME (RESERVATION_TIME_NO,RESERVATION_DATE_NO,STORE_RESERVATION_TIME) values (149,18,'15');
Insert into OTB.RESERVATION_TIME (RESERVATION_TIME_NO,RESERVATION_DATE_NO,STORE_RESERVATION_TIME) values (150,18,'17');
Insert into OTB.RESERVATION_TIME (RESERVATION_TIME_NO,RESERVATION_DATE_NO,STORE_RESERVATION_TIME) values (151,19,'09');
Insert into OTB.RESERVATION_TIME (RESERVATION_TIME_NO,RESERVATION_DATE_NO,STORE_RESERVATION_TIME) values (152,19,'11');
Insert into OTB.RESERVATION_TIME (RESERVATION_TIME_NO,RESERVATION_DATE_NO,STORE_RESERVATION_TIME) values (153,19,'13');
Insert into OTB.RESERVATION_TIME (RESERVATION_TIME_NO,RESERVATION_DATE_NO,STORE_RESERVATION_TIME) values (154,19,'15');
Insert into OTB.RESERVATION_TIME (RESERVATION_TIME_NO,RESERVATION_DATE_NO,STORE_RESERVATION_TIME) values (155,19,'17');
Insert into OTB.RESERVATION_TIME (RESERVATION_TIME_NO,RESERVATION_DATE_NO,STORE_RESERVATION_TIME) values (156,20,'09');
Insert into OTB.RESERVATION_TIME (RESERVATION_TIME_NO,RESERVATION_DATE_NO,STORE_RESERVATION_TIME) values (157,20,'11');
Insert into OTB.RESERVATION_TIME (RESERVATION_TIME_NO,RESERVATION_DATE_NO,STORE_RESERVATION_TIME) values (158,20,'13');
Insert into OTB.RESERVATION_TIME (RESERVATION_TIME_NO,RESERVATION_DATE_NO,STORE_RESERVATION_TIME) values (159,20,'15');
Insert into OTB.RESERVATION_TIME (RESERVATION_TIME_NO,RESERVATION_DATE_NO,STORE_RESERVATION_TIME) values (160,20,'17');
Insert into OTB.RESERVATION_TIME (RESERVATION_TIME_NO,RESERVATION_DATE_NO,STORE_RESERVATION_TIME) values (161,21,'09');
Insert into OTB.RESERVATION_TIME (RESERVATION_TIME_NO,RESERVATION_DATE_NO,STORE_RESERVATION_TIME) values (162,21,'11');
Insert into OTB.RESERVATION_TIME (RESERVATION_TIME_NO,RESERVATION_DATE_NO,STORE_RESERVATION_TIME) values (163,21,'13');
Insert into OTB.RESERVATION_TIME (RESERVATION_TIME_NO,RESERVATION_DATE_NO,STORE_RESERVATION_TIME) values (164,21,'15');
Insert into OTB.RESERVATION_TIME (RESERVATION_TIME_NO,RESERVATION_DATE_NO,STORE_RESERVATION_TIME) values (165,21,'17');
Insert into OTB.RESERVATION_TIME (RESERVATION_TIME_NO,RESERVATION_DATE_NO,STORE_RESERVATION_TIME) values (166,22,'09');
Insert into OTB.RESERVATION_TIME (RESERVATION_TIME_NO,RESERVATION_DATE_NO,STORE_RESERVATION_TIME) values (167,22,'11');
Insert into OTB.RESERVATION_TIME (RESERVATION_TIME_NO,RESERVATION_DATE_NO,STORE_RESERVATION_TIME) values (168,22,'13');
Insert into OTB.RESERVATION_TIME (RESERVATION_TIME_NO,RESERVATION_DATE_NO,STORE_RESERVATION_TIME) values (169,22,'15');
Insert into OTB.RESERVATION_TIME (RESERVATION_TIME_NO,RESERVATION_DATE_NO,STORE_RESERVATION_TIME) values (170,22,'18');
Insert into OTB.RESERVATION_TIME (RESERVATION_TIME_NO,RESERVATION_DATE_NO,STORE_RESERVATION_TIME) values (171,22,'20');
Insert into OTB.RESERVATION_TIME (RESERVATION_TIME_NO,RESERVATION_DATE_NO,STORE_RESERVATION_TIME) values (172,22,'22');
Insert into OTB.RESERVATION_TIME (RESERVATION_TIME_NO,RESERVATION_DATE_NO,STORE_RESERVATION_TIME) values (209,23,'13');
Insert into OTB.RESERVATION_TIME (RESERVATION_TIME_NO,RESERVATION_DATE_NO,STORE_RESERVATION_TIME) values (210,23,'15');
Insert into OTB.RESERVATION_TIME (RESERVATION_TIME_NO,RESERVATION_DATE_NO,STORE_RESERVATION_TIME) values (211,23,'16');
Insert into OTB.RESERVATION_TIME (RESERVATION_TIME_NO,RESERVATION_DATE_NO,STORE_RESERVATION_TIME) values (212,23,'19');
Insert into OTB.RESERVATION_TIME (RESERVATION_TIME_NO,RESERVATION_DATE_NO,STORE_RESERVATION_TIME) values (226,28,'15');
Insert into OTB.RESERVATION_TIME (RESERVATION_TIME_NO,RESERVATION_DATE_NO,STORE_RESERVATION_TIME) values (227,29,'13');
Insert into OTB.RESERVATION_TIME (RESERVATION_TIME_NO,RESERVATION_DATE_NO,STORE_RESERVATION_TIME) values (228,29,'15');
Insert into OTB.RESERVATION_TIME (RESERVATION_TIME_NO,RESERVATION_DATE_NO,STORE_RESERVATION_TIME) values (180,24,'09');
Insert into OTB.RESERVATION_TIME (RESERVATION_TIME_NO,RESERVATION_DATE_NO,STORE_RESERVATION_TIME) values (181,24,'11');
Insert into OTB.RESERVATION_TIME (RESERVATION_TIME_NO,RESERVATION_DATE_NO,STORE_RESERVATION_TIME) values (182,24,'13');
Insert into OTB.RESERVATION_TIME (RESERVATION_TIME_NO,RESERVATION_DATE_NO,STORE_RESERVATION_TIME) values (183,24,'15');
Insert into OTB.RESERVATION_TIME (RESERVATION_TIME_NO,RESERVATION_DATE_NO,STORE_RESERVATION_TIME) values (184,24,'18');
Insert into OTB.RESERVATION_TIME (RESERVATION_TIME_NO,RESERVATION_DATE_NO,STORE_RESERVATION_TIME) values (185,24,'20');
Insert into OTB.RESERVATION_TIME (RESERVATION_TIME_NO,RESERVATION_DATE_NO,STORE_RESERVATION_TIME) values (186,24,'22');
Insert into OTB.RESERVATION_TIME (RESERVATION_TIME_NO,RESERVATION_DATE_NO,STORE_RESERVATION_TIME) values (187,25,'09');
Insert into OTB.RESERVATION_TIME (RESERVATION_TIME_NO,RESERVATION_DATE_NO,STORE_RESERVATION_TIME) values (188,25,'11');
Insert into OTB.RESERVATION_TIME (RESERVATION_TIME_NO,RESERVATION_DATE_NO,STORE_RESERVATION_TIME) values (189,25,'13');
Insert into OTB.RESERVATION_TIME (RESERVATION_TIME_NO,RESERVATION_DATE_NO,STORE_RESERVATION_TIME) values (190,25,'15');
Insert into OTB.RESERVATION_TIME (RESERVATION_TIME_NO,RESERVATION_DATE_NO,STORE_RESERVATION_TIME) values (191,25,'18');
Insert into OTB.RESERVATION_TIME (RESERVATION_TIME_NO,RESERVATION_DATE_NO,STORE_RESERVATION_TIME) values (192,25,'20');
Insert into OTB.RESERVATION_TIME (RESERVATION_TIME_NO,RESERVATION_DATE_NO,STORE_RESERVATION_TIME) values (193,25,'22');
Insert into OTB.RESERVATION_TIME (RESERVATION_TIME_NO,RESERVATION_DATE_NO,STORE_RESERVATION_TIME) values (194,26,'09');
Insert into OTB.RESERVATION_TIME (RESERVATION_TIME_NO,RESERVATION_DATE_NO,STORE_RESERVATION_TIME) values (195,26,'11');
Insert into OTB.RESERVATION_TIME (RESERVATION_TIME_NO,RESERVATION_DATE_NO,STORE_RESERVATION_TIME) values (196,26,'13');
Insert into OTB.RESERVATION_TIME (RESERVATION_TIME_NO,RESERVATION_DATE_NO,STORE_RESERVATION_TIME) values (197,26,'15');
Insert into OTB.RESERVATION_TIME (RESERVATION_TIME_NO,RESERVATION_DATE_NO,STORE_RESERVATION_TIME) values (198,26,'18');
Insert into OTB.RESERVATION_TIME (RESERVATION_TIME_NO,RESERVATION_DATE_NO,STORE_RESERVATION_TIME) values (199,26,'20');
Insert into OTB.RESERVATION_TIME (RESERVATION_TIME_NO,RESERVATION_DATE_NO,STORE_RESERVATION_TIME) values (200,26,'22');
Insert into OTB.RESERVATION_TIME (RESERVATION_TIME_NO,RESERVATION_DATE_NO,STORE_RESERVATION_TIME) values (201,27,'11');
Insert into OTB.RESERVATION_TIME (RESERVATION_TIME_NO,RESERVATION_DATE_NO,STORE_RESERVATION_TIME) values (202,27,'12');
Insert into OTB.RESERVATION_TIME (RESERVATION_TIME_NO,RESERVATION_DATE_NO,STORE_RESERVATION_TIME) values (203,27,'13');
Insert into OTB.RESERVATION_TIME (RESERVATION_TIME_NO,RESERVATION_DATE_NO,STORE_RESERVATION_TIME) values (204,27,'15');
Insert into OTB.RESERVATION_TIME (RESERVATION_TIME_NO,RESERVATION_DATE_NO,STORE_RESERVATION_TIME) values (205,27,'16');
Insert into OTB.RESERVATION_TIME (RESERVATION_TIME_NO,RESERVATION_DATE_NO,STORE_RESERVATION_TIME) values (206,27,'19');
Insert into OTB.RESERVATION_TIME (RESERVATION_TIME_NO,RESERVATION_DATE_NO,STORE_RESERVATION_TIME) values (207,23,'11');
Insert into OTB.RESERVATION_TIME (RESERVATION_TIME_NO,RESERVATION_DATE_NO,STORE_RESERVATION_TIME) values (208,23,'12');
Insert into OTB.RESERVATION_TIME (RESERVATION_TIME_NO,RESERVATION_DATE_NO,STORE_RESERVATION_TIME) values (229,30,'13');
Insert into OTB.RESERVATION_TIME (RESERVATION_TIME_NO,RESERVATION_DATE_NO,STORE_RESERVATION_TIME) values (230,30,'15');
Insert into OTB.RESERVATION_TIME (RESERVATION_TIME_NO,RESERVATION_DATE_NO,STORE_RESERVATION_TIME) values (225,28,'13');
REM INSERTING into OTB.RESERVATION_TIME_GROUP
SET DEFINE OFF;
REM INSERTING into OTB.SIDO
SET DEFINE OFF;
Insert into OTB.SIDO (SIDO_CODE,SIDO_NAME) values (1,'서울시');
Insert into OTB.SIDO (SIDO_CODE,SIDO_NAME) values (2,'경기');
Insert into OTB.SIDO (SIDO_CODE,SIDO_NAME) values (3,'인천');
Insert into OTB.SIDO (SIDO_CODE,SIDO_NAME) values (4,'부산');
Insert into OTB.SIDO (SIDO_CODE,SIDO_NAME) values (5,'대구');
Insert into OTB.SIDO (SIDO_CODE,SIDO_NAME) values (6,'광주');
Insert into OTB.SIDO (SIDO_CODE,SIDO_NAME) values (7,'대전');
Insert into OTB.SIDO (SIDO_CODE,SIDO_NAME) values (8,'울산');
Insert into OTB.SIDO (SIDO_CODE,SIDO_NAME) values (9,'강원');
Insert into OTB.SIDO (SIDO_CODE,SIDO_NAME) values (10,'경남');
Insert into OTB.SIDO (SIDO_CODE,SIDO_NAME) values (11,'경북');
Insert into OTB.SIDO (SIDO_CODE,SIDO_NAME) values (12,'전남');
Insert into OTB.SIDO (SIDO_CODE,SIDO_NAME) values (13,'전북');
Insert into OTB.SIDO (SIDO_CODE,SIDO_NAME) values (14,'충남');
Insert into OTB.SIDO (SIDO_CODE,SIDO_NAME) values (15,'충북');
Insert into OTB.SIDO (SIDO_CODE,SIDO_NAME) values (16,'제주');
REM INSERTING into OTB.SIGUNGU
SET DEFINE OFF;
Insert into OTB.SIGUNGU (SIGUNGU_CODE,SIDO_CODE,SIGUNGU_NAME) values (1,1,'강서구');
Insert into OTB.SIGUNGU (SIGUNGU_CODE,SIDO_CODE,SIGUNGU_NAME) values (2,1,'강동구');
Insert into OTB.SIGUNGU (SIGUNGU_CODE,SIDO_CODE,SIGUNGU_NAME) values (3,1,'강북구');
Insert into OTB.SIGUNGU (SIGUNGU_CODE,SIDO_CODE,SIGUNGU_NAME) values (4,1,'강서구');
Insert into OTB.SIGUNGU (SIGUNGU_CODE,SIDO_CODE,SIGUNGU_NAME) values (5,1,'관악구');
Insert into OTB.SIGUNGU (SIGUNGU_CODE,SIDO_CODE,SIGUNGU_NAME) values (6,1,'광진구');
Insert into OTB.SIGUNGU (SIGUNGU_CODE,SIDO_CODE,SIGUNGU_NAME) values (7,1,'구로구');
Insert into OTB.SIGUNGU (SIGUNGU_CODE,SIDO_CODE,SIGUNGU_NAME) values (8,1,'금천구');
Insert into OTB.SIGUNGU (SIGUNGU_CODE,SIDO_CODE,SIGUNGU_NAME) values (9,1,'노원구');
Insert into OTB.SIGUNGU (SIGUNGU_CODE,SIDO_CODE,SIGUNGU_NAME) values (10,1,'도봉구');
Insert into OTB.SIGUNGU (SIGUNGU_CODE,SIDO_CODE,SIGUNGU_NAME) values (11,1,'동대문구');
Insert into OTB.SIGUNGU (SIGUNGU_CODE,SIDO_CODE,SIGUNGU_NAME) values (12,1,'동작구');
Insert into OTB.SIGUNGU (SIGUNGU_CODE,SIDO_CODE,SIGUNGU_NAME) values (13,1,'마포구');
Insert into OTB.SIGUNGU (SIGUNGU_CODE,SIDO_CODE,SIGUNGU_NAME) values (14,1,'서대문구');
Insert into OTB.SIGUNGU (SIGUNGU_CODE,SIDO_CODE,SIGUNGU_NAME) values (15,1,'서초구');
Insert into OTB.SIGUNGU (SIGUNGU_CODE,SIDO_CODE,SIGUNGU_NAME) values (16,1,'성동구');
Insert into OTB.SIGUNGU (SIGUNGU_CODE,SIDO_CODE,SIGUNGU_NAME) values (17,1,'성북구');
Insert into OTB.SIGUNGU (SIGUNGU_CODE,SIDO_CODE,SIGUNGU_NAME) values (18,1,'송파구');
Insert into OTB.SIGUNGU (SIGUNGU_CODE,SIDO_CODE,SIGUNGU_NAME) values (19,1,'양천구');
Insert into OTB.SIGUNGU (SIGUNGU_CODE,SIDO_CODE,SIGUNGU_NAME) values (20,1,'영등포구');
Insert into OTB.SIGUNGU (SIGUNGU_CODE,SIDO_CODE,SIGUNGU_NAME) values (21,1,'용산구');
Insert into OTB.SIGUNGU (SIGUNGU_CODE,SIDO_CODE,SIGUNGU_NAME) values (22,1,'은평구');
Insert into OTB.SIGUNGU (SIGUNGU_CODE,SIDO_CODE,SIGUNGU_NAME) values (23,1,'종로구');
Insert into OTB.SIGUNGU (SIGUNGU_CODE,SIDO_CODE,SIGUNGU_NAME) values (24,1,'중구');
Insert into OTB.SIGUNGU (SIGUNGU_CODE,SIDO_CODE,SIGUNGU_NAME) values (25,1,'중랑구');
Insert into OTB.SIGUNGU (SIGUNGU_CODE,SIDO_CODE,SIGUNGU_NAME) values (26,2,'가평군');
Insert into OTB.SIGUNGU (SIGUNGU_CODE,SIDO_CODE,SIGUNGU_NAME) values (27,2,'고양시');
Insert into OTB.SIGUNGU (SIGUNGU_CODE,SIDO_CODE,SIGUNGU_NAME) values (28,2,'과천시');
Insert into OTB.SIGUNGU (SIGUNGU_CODE,SIDO_CODE,SIGUNGU_NAME) values (29,2,'광명시');
Insert into OTB.SIGUNGU (SIGUNGU_CODE,SIDO_CODE,SIGUNGU_NAME) values (30,2,'광주시');
Insert into OTB.SIGUNGU (SIGUNGU_CODE,SIDO_CODE,SIGUNGU_NAME) values (31,2,'구리시');
Insert into OTB.SIGUNGU (SIGUNGU_CODE,SIDO_CODE,SIGUNGU_NAME) values (32,2,'군포시');
Insert into OTB.SIGUNGU (SIGUNGU_CODE,SIDO_CODE,SIGUNGU_NAME) values (33,2,'김포시');
Insert into OTB.SIGUNGU (SIGUNGU_CODE,SIDO_CODE,SIGUNGU_NAME) values (34,2,'남양주시');
Insert into OTB.SIGUNGU (SIGUNGU_CODE,SIDO_CODE,SIGUNGU_NAME) values (35,2,'동두천시');
Insert into OTB.SIGUNGU (SIGUNGU_CODE,SIDO_CODE,SIGUNGU_NAME) values (36,2,'부천시');
Insert into OTB.SIGUNGU (SIGUNGU_CODE,SIDO_CODE,SIGUNGU_NAME) values (37,2,'성남시');
Insert into OTB.SIGUNGU (SIGUNGU_CODE,SIDO_CODE,SIGUNGU_NAME) values (38,2,'수원시');
Insert into OTB.SIGUNGU (SIGUNGU_CODE,SIDO_CODE,SIGUNGU_NAME) values (39,2,'시흥시');
Insert into OTB.SIGUNGU (SIGUNGU_CODE,SIDO_CODE,SIGUNGU_NAME) values (40,2,'안산시');
Insert into OTB.SIGUNGU (SIGUNGU_CODE,SIDO_CODE,SIGUNGU_NAME) values (41,2,'안성시');
Insert into OTB.SIGUNGU (SIGUNGU_CODE,SIDO_CODE,SIGUNGU_NAME) values (42,2,'안양시');
Insert into OTB.SIGUNGU (SIGUNGU_CODE,SIDO_CODE,SIGUNGU_NAME) values (43,2,'양주시');
Insert into OTB.SIGUNGU (SIGUNGU_CODE,SIDO_CODE,SIGUNGU_NAME) values (44,2,'양평군');
Insert into OTB.SIGUNGU (SIGUNGU_CODE,SIDO_CODE,SIGUNGU_NAME) values (45,2,'여주시');
Insert into OTB.SIGUNGU (SIGUNGU_CODE,SIDO_CODE,SIGUNGU_NAME) values (46,2,'연천군');
Insert into OTB.SIGUNGU (SIGUNGU_CODE,SIDO_CODE,SIGUNGU_NAME) values (47,2,'오산시');
Insert into OTB.SIGUNGU (SIGUNGU_CODE,SIDO_CODE,SIGUNGU_NAME) values (48,2,'용인시');
Insert into OTB.SIGUNGU (SIGUNGU_CODE,SIDO_CODE,SIGUNGU_NAME) values (49,3,'강화군');
Insert into OTB.SIGUNGU (SIGUNGU_CODE,SIDO_CODE,SIGUNGU_NAME) values (50,3,'계양구');
Insert into OTB.SIGUNGU (SIGUNGU_CODE,SIDO_CODE,SIGUNGU_NAME) values (51,3,'남동구');
Insert into OTB.SIGUNGU (SIGUNGU_CODE,SIDO_CODE,SIGUNGU_NAME) values (52,3,'동구');
Insert into OTB.SIGUNGU (SIGUNGU_CODE,SIDO_CODE,SIGUNGU_NAME) values (53,3,'미주홀구');
Insert into OTB.SIGUNGU (SIGUNGU_CODE,SIDO_CODE,SIGUNGU_NAME) values (54,3,'부평구');
Insert into OTB.SIGUNGU (SIGUNGU_CODE,SIDO_CODE,SIGUNGU_NAME) values (55,3,'서구');
Insert into OTB.SIGUNGU (SIGUNGU_CODE,SIDO_CODE,SIGUNGU_NAME) values (56,3,'연수구');
Insert into OTB.SIGUNGU (SIGUNGU_CODE,SIDO_CODE,SIGUNGU_NAME) values (57,3,'옹진군');
Insert into OTB.SIGUNGU (SIGUNGU_CODE,SIDO_CODE,SIGUNGU_NAME) values (58,3,'중구');
Insert into OTB.SIGUNGU (SIGUNGU_CODE,SIDO_CODE,SIGUNGU_NAME) values (59,4,'강서구');
Insert into OTB.SIGUNGU (SIGUNGU_CODE,SIDO_CODE,SIGUNGU_NAME) values (60,4,'금정구');
Insert into OTB.SIGUNGU (SIGUNGU_CODE,SIDO_CODE,SIGUNGU_NAME) values (61,4,'기장군');
Insert into OTB.SIGUNGU (SIGUNGU_CODE,SIDO_CODE,SIGUNGU_NAME) values (62,4,'남구');
Insert into OTB.SIGUNGU (SIGUNGU_CODE,SIDO_CODE,SIGUNGU_NAME) values (63,4,'동구');
Insert into OTB.SIGUNGU (SIGUNGU_CODE,SIDO_CODE,SIGUNGU_NAME) values (64,4,'동래구');
Insert into OTB.SIGUNGU (SIGUNGU_CODE,SIDO_CODE,SIGUNGU_NAME) values (65,4,'부산진구');
Insert into OTB.SIGUNGU (SIGUNGU_CODE,SIDO_CODE,SIGUNGU_NAME) values (66,4,'북구');
Insert into OTB.SIGUNGU (SIGUNGU_CODE,SIDO_CODE,SIGUNGU_NAME) values (67,4,'사상구');
Insert into OTB.SIGUNGU (SIGUNGU_CODE,SIDO_CODE,SIGUNGU_NAME) values (68,4,'사하구');
Insert into OTB.SIGUNGU (SIGUNGU_CODE,SIDO_CODE,SIGUNGU_NAME) values (69,4,'서구');
Insert into OTB.SIGUNGU (SIGUNGU_CODE,SIDO_CODE,SIGUNGU_NAME) values (70,4,'수영구');
Insert into OTB.SIGUNGU (SIGUNGU_CODE,SIDO_CODE,SIGUNGU_NAME) values (71,4,'연제구');
Insert into OTB.SIGUNGU (SIGUNGU_CODE,SIDO_CODE,SIGUNGU_NAME) values (72,4,'영도구');
Insert into OTB.SIGUNGU (SIGUNGU_CODE,SIDO_CODE,SIGUNGU_NAME) values (73,4,'중구');
Insert into OTB.SIGUNGU (SIGUNGU_CODE,SIDO_CODE,SIGUNGU_NAME) values (74,4,'해운대구');
Insert into OTB.SIGUNGU (SIGUNGU_CODE,SIDO_CODE,SIGUNGU_NAME) values (75,5,'남구');
Insert into OTB.SIGUNGU (SIGUNGU_CODE,SIDO_CODE,SIGUNGU_NAME) values (76,5,'달서구');
Insert into OTB.SIGUNGU (SIGUNGU_CODE,SIDO_CODE,SIGUNGU_NAME) values (77,5,'달성군');
Insert into OTB.SIGUNGU (SIGUNGU_CODE,SIDO_CODE,SIGUNGU_NAME) values (78,5,'동구');
Insert into OTB.SIGUNGU (SIGUNGU_CODE,SIDO_CODE,SIGUNGU_NAME) values (79,5,'북구');
Insert into OTB.SIGUNGU (SIGUNGU_CODE,SIDO_CODE,SIGUNGU_NAME) values (80,5,'서구');
Insert into OTB.SIGUNGU (SIGUNGU_CODE,SIDO_CODE,SIGUNGU_NAME) values (81,5,'수성구');
Insert into OTB.SIGUNGU (SIGUNGU_CODE,SIDO_CODE,SIGUNGU_NAME) values (82,5,'중구');
Insert into OTB.SIGUNGU (SIGUNGU_CODE,SIDO_CODE,SIGUNGU_NAME) values (83,6,'광산구');
Insert into OTB.SIGUNGU (SIGUNGU_CODE,SIDO_CODE,SIGUNGU_NAME) values (84,6,'남구');
Insert into OTB.SIGUNGU (SIGUNGU_CODE,SIDO_CODE,SIGUNGU_NAME) values (85,6,'동구');
Insert into OTB.SIGUNGU (SIGUNGU_CODE,SIDO_CODE,SIGUNGU_NAME) values (86,6,'북구');
Insert into OTB.SIGUNGU (SIGUNGU_CODE,SIDO_CODE,SIGUNGU_NAME) values (87,6,'서구');
Insert into OTB.SIGUNGU (SIGUNGU_CODE,SIDO_CODE,SIGUNGU_NAME) values (88,7,'대덕구');
Insert into OTB.SIGUNGU (SIGUNGU_CODE,SIDO_CODE,SIGUNGU_NAME) values (89,7,'동구');
Insert into OTB.SIGUNGU (SIGUNGU_CODE,SIDO_CODE,SIGUNGU_NAME) values (90,7,'서구');
Insert into OTB.SIGUNGU (SIGUNGU_CODE,SIDO_CODE,SIGUNGU_NAME) values (91,7,'유성구');
Insert into OTB.SIGUNGU (SIGUNGU_CODE,SIDO_CODE,SIGUNGU_NAME) values (92,7,'중구');
Insert into OTB.SIGUNGU (SIGUNGU_CODE,SIDO_CODE,SIGUNGU_NAME) values (93,8,'남구');
Insert into OTB.SIGUNGU (SIGUNGU_CODE,SIDO_CODE,SIGUNGU_NAME) values (94,8,'동구');
Insert into OTB.SIGUNGU (SIGUNGU_CODE,SIDO_CODE,SIGUNGU_NAME) values (95,8,'북구');
Insert into OTB.SIGUNGU (SIGUNGU_CODE,SIDO_CODE,SIGUNGU_NAME) values (96,8,'울주군');
Insert into OTB.SIGUNGU (SIGUNGU_CODE,SIDO_CODE,SIGUNGU_NAME) values (97,8,'중구');
Insert into OTB.SIGUNGU (SIGUNGU_CODE,SIDO_CODE,SIGUNGU_NAME) values (98,9,'강릉시');
Insert into OTB.SIGUNGU (SIGUNGU_CODE,SIDO_CODE,SIGUNGU_NAME) values (99,9,'고성군');
Insert into OTB.SIGUNGU (SIGUNGU_CODE,SIDO_CODE,SIGUNGU_NAME) values (100,9,'동해시');
Insert into OTB.SIGUNGU (SIGUNGU_CODE,SIDO_CODE,SIGUNGU_NAME) values (101,9,'삼척시');
Insert into OTB.SIGUNGU (SIGUNGU_CODE,SIDO_CODE,SIGUNGU_NAME) values (102,9,'속초시');
Insert into OTB.SIGUNGU (SIGUNGU_CODE,SIDO_CODE,SIGUNGU_NAME) values (103,9,'양구군');
Insert into OTB.SIGUNGU (SIGUNGU_CODE,SIDO_CODE,SIGUNGU_NAME) values (104,9,'양양군');
Insert into OTB.SIGUNGU (SIGUNGU_CODE,SIDO_CODE,SIGUNGU_NAME) values (105,9,'영월군');
Insert into OTB.SIGUNGU (SIGUNGU_CODE,SIDO_CODE,SIGUNGU_NAME) values (106,9,'원주시');
Insert into OTB.SIGUNGU (SIGUNGU_CODE,SIDO_CODE,SIGUNGU_NAME) values (107,9,'인제군');
Insert into OTB.SIGUNGU (SIGUNGU_CODE,SIDO_CODE,SIGUNGU_NAME) values (108,9,'정선군');
Insert into OTB.SIGUNGU (SIGUNGU_CODE,SIDO_CODE,SIGUNGU_NAME) values (109,9,'철원군');
Insert into OTB.SIGUNGU (SIGUNGU_CODE,SIDO_CODE,SIGUNGU_NAME) values (110,9,'춘천시');
Insert into OTB.SIGUNGU (SIGUNGU_CODE,SIDO_CODE,SIGUNGU_NAME) values (111,9,'태백시');
Insert into OTB.SIGUNGU (SIGUNGU_CODE,SIDO_CODE,SIGUNGU_NAME) values (112,9,'평창군');
Insert into OTB.SIGUNGU (SIGUNGU_CODE,SIDO_CODE,SIGUNGU_NAME) values (113,9,'홍천군');
Insert into OTB.SIGUNGU (SIGUNGU_CODE,SIDO_CODE,SIGUNGU_NAME) values (114,9,'화천군');
Insert into OTB.SIGUNGU (SIGUNGU_CODE,SIDO_CODE,SIGUNGU_NAME) values (115,9,'횡성군');
Insert into OTB.SIGUNGU (SIGUNGU_CODE,SIDO_CODE,SIGUNGU_NAME) values (116,10,'거제시');
Insert into OTB.SIGUNGU (SIGUNGU_CODE,SIDO_CODE,SIGUNGU_NAME) values (117,10,'거창군');
Insert into OTB.SIGUNGU (SIGUNGU_CODE,SIDO_CODE,SIGUNGU_NAME) values (118,10,'고성군');
Insert into OTB.SIGUNGU (SIGUNGU_CODE,SIDO_CODE,SIGUNGU_NAME) values (119,10,'김해시');
Insert into OTB.SIGUNGU (SIGUNGU_CODE,SIDO_CODE,SIGUNGU_NAME) values (120,10,'남해군');
Insert into OTB.SIGUNGU (SIGUNGU_CODE,SIDO_CODE,SIGUNGU_NAME) values (121,10,'밀양시');
Insert into OTB.SIGUNGU (SIGUNGU_CODE,SIDO_CODE,SIGUNGU_NAME) values (122,10,'사천시');
Insert into OTB.SIGUNGU (SIGUNGU_CODE,SIDO_CODE,SIGUNGU_NAME) values (123,10,'산청군');
Insert into OTB.SIGUNGU (SIGUNGU_CODE,SIDO_CODE,SIGUNGU_NAME) values (124,10,'양산시');
Insert into OTB.SIGUNGU (SIGUNGU_CODE,SIDO_CODE,SIGUNGU_NAME) values (125,10,'의령군');
Insert into OTB.SIGUNGU (SIGUNGU_CODE,SIDO_CODE,SIGUNGU_NAME) values (126,10,'진주시');
Insert into OTB.SIGUNGU (SIGUNGU_CODE,SIDO_CODE,SIGUNGU_NAME) values (127,10,'창녕군');
Insert into OTB.SIGUNGU (SIGUNGU_CODE,SIDO_CODE,SIGUNGU_NAME) values (128,10,'창원시');
Insert into OTB.SIGUNGU (SIGUNGU_CODE,SIDO_CODE,SIGUNGU_NAME) values (129,10,'통영시');
Insert into OTB.SIGUNGU (SIGUNGU_CODE,SIDO_CODE,SIGUNGU_NAME) values (130,10,'하동군');
Insert into OTB.SIGUNGU (SIGUNGU_CODE,SIDO_CODE,SIGUNGU_NAME) values (131,10,'함안군');
Insert into OTB.SIGUNGU (SIGUNGU_CODE,SIDO_CODE,SIGUNGU_NAME) values (132,10,'함양군');
Insert into OTB.SIGUNGU (SIGUNGU_CODE,SIDO_CODE,SIGUNGU_NAME) values (133,10,'합천군');
Insert into OTB.SIGUNGU (SIGUNGU_CODE,SIDO_CODE,SIGUNGU_NAME) values (134,11,'경산시');
Insert into OTB.SIGUNGU (SIGUNGU_CODE,SIDO_CODE,SIGUNGU_NAME) values (135,11,'경주시');
Insert into OTB.SIGUNGU (SIGUNGU_CODE,SIDO_CODE,SIGUNGU_NAME) values (136,11,'고령군');
Insert into OTB.SIGUNGU (SIGUNGU_CODE,SIDO_CODE,SIGUNGU_NAME) values (137,11,'구미시');
Insert into OTB.SIGUNGU (SIGUNGU_CODE,SIDO_CODE,SIGUNGU_NAME) values (138,11,'군위군');
Insert into OTB.SIGUNGU (SIGUNGU_CODE,SIDO_CODE,SIGUNGU_NAME) values (139,11,'김천시');
Insert into OTB.SIGUNGU (SIGUNGU_CODE,SIDO_CODE,SIGUNGU_NAME) values (140,11,'문경시');
Insert into OTB.SIGUNGU (SIGUNGU_CODE,SIDO_CODE,SIGUNGU_NAME) values (141,11,'봉화군');
Insert into OTB.SIGUNGU (SIGUNGU_CODE,SIDO_CODE,SIGUNGU_NAME) values (142,11,'상주시');
Insert into OTB.SIGUNGU (SIGUNGU_CODE,SIDO_CODE,SIGUNGU_NAME) values (143,11,'성주군');
Insert into OTB.SIGUNGU (SIGUNGU_CODE,SIDO_CODE,SIGUNGU_NAME) values (144,11,'안동시');
Insert into OTB.SIGUNGU (SIGUNGU_CODE,SIDO_CODE,SIGUNGU_NAME) values (145,11,'영덕군');
Insert into OTB.SIGUNGU (SIGUNGU_CODE,SIDO_CODE,SIGUNGU_NAME) values (146,11,'영양군');
Insert into OTB.SIGUNGU (SIGUNGU_CODE,SIDO_CODE,SIGUNGU_NAME) values (147,11,'영주시');
Insert into OTB.SIGUNGU (SIGUNGU_CODE,SIDO_CODE,SIGUNGU_NAME) values (148,11,'영천시');
Insert into OTB.SIGUNGU (SIGUNGU_CODE,SIDO_CODE,SIGUNGU_NAME) values (149,11,'예천군');
Insert into OTB.SIGUNGU (SIGUNGU_CODE,SIDO_CODE,SIGUNGU_NAME) values (150,11,'울릉군');
Insert into OTB.SIGUNGU (SIGUNGU_CODE,SIDO_CODE,SIGUNGU_NAME) values (151,11,'울진군');
Insert into OTB.SIGUNGU (SIGUNGU_CODE,SIDO_CODE,SIGUNGU_NAME) values (152,11,'의성군');
Insert into OTB.SIGUNGU (SIGUNGU_CODE,SIDO_CODE,SIGUNGU_NAME) values (153,11,'청도군');
Insert into OTB.SIGUNGU (SIGUNGU_CODE,SIDO_CODE,SIGUNGU_NAME) values (154,11,'청송군');
Insert into OTB.SIGUNGU (SIGUNGU_CODE,SIDO_CODE,SIGUNGU_NAME) values (155,11,'칠곡군');
Insert into OTB.SIGUNGU (SIGUNGU_CODE,SIDO_CODE,SIGUNGU_NAME) values (156,11,'포항시');
Insert into OTB.SIGUNGU (SIGUNGU_CODE,SIDO_CODE,SIGUNGU_NAME) values (157,12,'강진군');
Insert into OTB.SIGUNGU (SIGUNGU_CODE,SIDO_CODE,SIGUNGU_NAME) values (158,12,'고흥군');
Insert into OTB.SIGUNGU (SIGUNGU_CODE,SIDO_CODE,SIGUNGU_NAME) values (159,12,'곡성군');
Insert into OTB.SIGUNGU (SIGUNGU_CODE,SIDO_CODE,SIGUNGU_NAME) values (160,12,'광양시');
Insert into OTB.SIGUNGU (SIGUNGU_CODE,SIDO_CODE,SIGUNGU_NAME) values (161,12,'구례군');
Insert into OTB.SIGUNGU (SIGUNGU_CODE,SIDO_CODE,SIGUNGU_NAME) values (162,12,'나주시');
Insert into OTB.SIGUNGU (SIGUNGU_CODE,SIDO_CODE,SIGUNGU_NAME) values (163,12,'담양군');
Insert into OTB.SIGUNGU (SIGUNGU_CODE,SIDO_CODE,SIGUNGU_NAME) values (164,12,'목포시');
Insert into OTB.SIGUNGU (SIGUNGU_CODE,SIDO_CODE,SIGUNGU_NAME) values (165,12,'무안군');
Insert into OTB.SIGUNGU (SIGUNGU_CODE,SIDO_CODE,SIGUNGU_NAME) values (166,12,'보성군');
Insert into OTB.SIGUNGU (SIGUNGU_CODE,SIDO_CODE,SIGUNGU_NAME) values (167,12,'순천시');
Insert into OTB.SIGUNGU (SIGUNGU_CODE,SIDO_CODE,SIGUNGU_NAME) values (168,12,'산안군');
Insert into OTB.SIGUNGU (SIGUNGU_CODE,SIDO_CODE,SIGUNGU_NAME) values (169,12,'여수시');
Insert into OTB.SIGUNGU (SIGUNGU_CODE,SIDO_CODE,SIGUNGU_NAME) values (170,12,'영광군');
Insert into OTB.SIGUNGU (SIGUNGU_CODE,SIDO_CODE,SIGUNGU_NAME) values (171,12,'영암군');
Insert into OTB.SIGUNGU (SIGUNGU_CODE,SIDO_CODE,SIGUNGU_NAME) values (172,12,'완도군');
Insert into OTB.SIGUNGU (SIGUNGU_CODE,SIDO_CODE,SIGUNGU_NAME) values (173,12,'장성군');
Insert into OTB.SIGUNGU (SIGUNGU_CODE,SIDO_CODE,SIGUNGU_NAME) values (174,12,'장흥군');
Insert into OTB.SIGUNGU (SIGUNGU_CODE,SIDO_CODE,SIGUNGU_NAME) values (175,12,'진도군');
Insert into OTB.SIGUNGU (SIGUNGU_CODE,SIDO_CODE,SIGUNGU_NAME) values (176,12,'함평군');
Insert into OTB.SIGUNGU (SIGUNGU_CODE,SIDO_CODE,SIGUNGU_NAME) values (177,12,'해남군');
Insert into OTB.SIGUNGU (SIGUNGU_CODE,SIDO_CODE,SIGUNGU_NAME) values (178,12,'화순군');
Insert into OTB.SIGUNGU (SIGUNGU_CODE,SIDO_CODE,SIGUNGU_NAME) values (179,13,'고창군');
Insert into OTB.SIGUNGU (SIGUNGU_CODE,SIDO_CODE,SIGUNGU_NAME) values (180,13,'군산시');
Insert into OTB.SIGUNGU (SIGUNGU_CODE,SIDO_CODE,SIGUNGU_NAME) values (181,13,'김제시');
Insert into OTB.SIGUNGU (SIGUNGU_CODE,SIDO_CODE,SIGUNGU_NAME) values (182,13,'남원시');
Insert into OTB.SIGUNGU (SIGUNGU_CODE,SIDO_CODE,SIGUNGU_NAME) values (183,13,'무주군');
Insert into OTB.SIGUNGU (SIGUNGU_CODE,SIDO_CODE,SIGUNGU_NAME) values (184,13,'부안군');
Insert into OTB.SIGUNGU (SIGUNGU_CODE,SIDO_CODE,SIGUNGU_NAME) values (185,13,'순창군');
Insert into OTB.SIGUNGU (SIGUNGU_CODE,SIDO_CODE,SIGUNGU_NAME) values (186,13,'완주군');
Insert into OTB.SIGUNGU (SIGUNGU_CODE,SIDO_CODE,SIGUNGU_NAME) values (187,13,'익산시');
Insert into OTB.SIGUNGU (SIGUNGU_CODE,SIDO_CODE,SIGUNGU_NAME) values (188,13,'임실군');
Insert into OTB.SIGUNGU (SIGUNGU_CODE,SIDO_CODE,SIGUNGU_NAME) values (189,13,'장수군');
Insert into OTB.SIGUNGU (SIGUNGU_CODE,SIDO_CODE,SIGUNGU_NAME) values (190,13,'전주시');
Insert into OTB.SIGUNGU (SIGUNGU_CODE,SIDO_CODE,SIGUNGU_NAME) values (191,13,'정읍시');
Insert into OTB.SIGUNGU (SIGUNGU_CODE,SIDO_CODE,SIGUNGU_NAME) values (192,13,'진안군');
Insert into OTB.SIGUNGU (SIGUNGU_CODE,SIDO_CODE,SIGUNGU_NAME) values (193,14,'계룡시');
Insert into OTB.SIGUNGU (SIGUNGU_CODE,SIDO_CODE,SIGUNGU_NAME) values (194,14,'공주시');
Insert into OTB.SIGUNGU (SIGUNGU_CODE,SIDO_CODE,SIGUNGU_NAME) values (195,14,'금산군');
Insert into OTB.SIGUNGU (SIGUNGU_CODE,SIDO_CODE,SIGUNGU_NAME) values (196,14,'논산시');
Insert into OTB.SIGUNGU (SIGUNGU_CODE,SIDO_CODE,SIGUNGU_NAME) values (197,14,'당진시');
Insert into OTB.SIGUNGU (SIGUNGU_CODE,SIDO_CODE,SIGUNGU_NAME) values (198,14,'보령시');
Insert into OTB.SIGUNGU (SIGUNGU_CODE,SIDO_CODE,SIGUNGU_NAME) values (199,14,'부여군');
Insert into OTB.SIGUNGU (SIGUNGU_CODE,SIDO_CODE,SIGUNGU_NAME) values (200,14,'서산시');
Insert into OTB.SIGUNGU (SIGUNGU_CODE,SIDO_CODE,SIGUNGU_NAME) values (201,14,'서천군');
Insert into OTB.SIGUNGU (SIGUNGU_CODE,SIDO_CODE,SIGUNGU_NAME) values (202,14,'아산시');
Insert into OTB.SIGUNGU (SIGUNGU_CODE,SIDO_CODE,SIGUNGU_NAME) values (203,14,'연기군');
Insert into OTB.SIGUNGU (SIGUNGU_CODE,SIDO_CODE,SIGUNGU_NAME) values (204,14,'예산군');
Insert into OTB.SIGUNGU (SIGUNGU_CODE,SIDO_CODE,SIGUNGU_NAME) values (205,14,'천안시');
Insert into OTB.SIGUNGU (SIGUNGU_CODE,SIDO_CODE,SIGUNGU_NAME) values (206,14,'청양군');
Insert into OTB.SIGUNGU (SIGUNGU_CODE,SIDO_CODE,SIGUNGU_NAME) values (207,14,'태안군');
Insert into OTB.SIGUNGU (SIGUNGU_CODE,SIDO_CODE,SIGUNGU_NAME) values (208,14,'홍성군');
Insert into OTB.SIGUNGU (SIGUNGU_CODE,SIDO_CODE,SIGUNGU_NAME) values (209,15,'괴산군');
Insert into OTB.SIGUNGU (SIGUNGU_CODE,SIDO_CODE,SIGUNGU_NAME) values (210,15,'단양군');
Insert into OTB.SIGUNGU (SIGUNGU_CODE,SIDO_CODE,SIGUNGU_NAME) values (211,15,'보은군');
Insert into OTB.SIGUNGU (SIGUNGU_CODE,SIDO_CODE,SIGUNGU_NAME) values (212,15,'연동군');
Insert into OTB.SIGUNGU (SIGUNGU_CODE,SIDO_CODE,SIGUNGU_NAME) values (213,15,'옥천군');
Insert into OTB.SIGUNGU (SIGUNGU_CODE,SIDO_CODE,SIGUNGU_NAME) values (214,15,'음성군');
Insert into OTB.SIGUNGU (SIGUNGU_CODE,SIDO_CODE,SIGUNGU_NAME) values (215,15,'제천시');
Insert into OTB.SIGUNGU (SIGUNGU_CODE,SIDO_CODE,SIGUNGU_NAME) values (216,15,'증평군');
Insert into OTB.SIGUNGU (SIGUNGU_CODE,SIDO_CODE,SIGUNGU_NAME) values (217,15,'진천군');
Insert into OTB.SIGUNGU (SIGUNGU_CODE,SIDO_CODE,SIGUNGU_NAME) values (218,15,'청원군');
Insert into OTB.SIGUNGU (SIGUNGU_CODE,SIDO_CODE,SIGUNGU_NAME) values (219,15,'청주시');
Insert into OTB.SIGUNGU (SIGUNGU_CODE,SIDO_CODE,SIGUNGU_NAME) values (220,15,'충주시');
Insert into OTB.SIGUNGU (SIGUNGU_CODE,SIDO_CODE,SIGUNGU_NAME) values (221,16,'서귀포시');
Insert into OTB.SIGUNGU (SIGUNGU_CODE,SIDO_CODE,SIGUNGU_NAME) values (222,16,'제주시');
REM INSERTING into OTB.STORE
SET DEFINE OFF;
Insert into OTB.STORE (STORE_NO,USER_NO,STORE_TYPE,STORE_NAME,STORE_BUSINESS_NO,STORE_ADDRESS_ROAD,STORE_ADDRESS_DETAIL,STORE_LATITUDE,STORE_LONGITUDE,STORE_PHONE_NO,STORE_DESCRIPTION,STORE_CHARGE_WEEK,STORE_CHARGE_WEEKEND,SIDO_CODE,SIGUNGU_CODE) values (21,16,'0','1233','1234','서울 강서구 강서로 지하 54','123',37.531956084775,126.846611592059,'01000001111','123',3000,30000,1,1);
Insert into OTB.STORE (STORE_NO,USER_NO,STORE_TYPE,STORE_NAME,STORE_BUSINESS_NO,STORE_ADDRESS_ROAD,STORE_ADDRESS_DETAIL,STORE_LATITUDE,STORE_LONGITUDE,STORE_PHONE_NO,STORE_DESCRIPTION,STORE_CHARGE_WEEK,STORE_CHARGE_WEEKEND,SIDO_CODE,SIGUNGU_CODE) values (31,22,'0','온더보드 강남점','1230124023','서울 강남구 가로수길 5','법무법인 가로수 3층',37.518211240206,127.023150432187,'02-2222-2222','데블다이스 강남점입니다',2500,3000,1,1);
Insert into OTB.STORE (STORE_NO,USER_NO,STORE_TYPE,STORE_NAME,STORE_BUSINESS_NO,STORE_ADDRESS_ROAD,STORE_ADDRESS_DETAIL,STORE_LATITUDE,STORE_LONGITUDE,STORE_PHONE_NO,STORE_DESCRIPTION,STORE_CHARGE_WEEK,STORE_CHARGE_WEEKEND,SIDO_CODE,SIGUNGU_CODE) values (20,4,'0','레드버튼 강남점','1111111111','서울 강남구 가로수길 5','ㅇㅇ빌딩 3층',37.518211240206,127.023150432187,'02-1111-1111','레드버튼 강남점',2500,3000,1,1);
Insert into OTB.STORE (STORE_NO,USER_NO,STORE_TYPE,STORE_NAME,STORE_BUSINESS_NO,STORE_ADDRESS_ROAD,STORE_ADDRESS_DETAIL,STORE_LATITUDE,STORE_LONGITUDE,STORE_PHONE_NO,STORE_DESCRIPTION,STORE_CHARGE_WEEK,STORE_CHARGE_WEEKEND,SIDO_CODE,SIGUNGU_CODE) values (32,25,'0','데빌 다이스 강남점','12342312','서울 강남구 테헤란로1길 29',null,37.500111784633,127.027290827849,null,null,2500,3000,1,1);
REM INSERTING into OTB.STORE_BOOKMARK
SET DEFINE OFF;
REM INSERTING into OTB.STORE_IMAGE
SET DEFINE OFF;
Insert into OTB.STORE_IMAGE (STORE_IMAGE_NO,STORE_NO,STORE_PATH_IMAGE) values (235,20,'16342777598977d22fb90-7591-4dd2-a1cf-2aebd81e5f7d.png');
Insert into OTB.STORE_IMAGE (STORE_IMAGE_NO,STORE_NO,STORE_PATH_IMAGE) values (236,20,'163427775990029d4a692-fd54-4640-a0f5-096bb2598c36.png');
Insert into OTB.STORE_IMAGE (STORE_IMAGE_NO,STORE_NO,STORE_PATH_IMAGE) values (237,20,'16342777599028200920a-f625-46ee-8173-23a9f271e16b.png');
Insert into OTB.STORE_IMAGE (STORE_IMAGE_NO,STORE_NO,STORE_PATH_IMAGE) values (238,20,'1634277759905e1923ed0-c81e-4c53-9e89-2b162c70600b.png');
Insert into OTB.STORE_IMAGE (STORE_IMAGE_NO,STORE_NO,STORE_PATH_IMAGE) values (239,20,'16342777599113f0ee869-c5d3-41a0-8fff-0f940bdf6720.png');
Insert into OTB.STORE_IMAGE (STORE_IMAGE_NO,STORE_NO,STORE_PATH_IMAGE) values (240,20,'1634278954015cf5529d6-391a-429c-a3d9-477f1ed6fae8.jpg');
Insert into OTB.STORE_IMAGE (STORE_IMAGE_NO,STORE_NO,STORE_PATH_IMAGE) values (241,20,'1634278954021aad877df-3673-40a3-971b-05281fac4c9c.jpg');
Insert into OTB.STORE_IMAGE (STORE_IMAGE_NO,STORE_NO,STORE_PATH_IMAGE) values (242,20,'163427895402525d87e2b-47af-41e1-b2fc-61623dfe9418.jpg');
Insert into OTB.STORE_IMAGE (STORE_IMAGE_NO,STORE_NO,STORE_PATH_IMAGE) values (243,20,'1634278954028e2c8a8be-2d38-4b8b-84a1-5341e5ca86ee.jpg');
Insert into OTB.STORE_IMAGE (STORE_IMAGE_NO,STORE_NO,STORE_PATH_IMAGE) values (244,20,'1634278954031f6db7653-d149-4349-962d-e6197605bb45.jpg');
Insert into OTB.STORE_IMAGE (STORE_IMAGE_NO,STORE_NO,STORE_PATH_IMAGE) values (245,20,'16342789887928252aa44-95c6-42b5-bc25-5c05d3578930.jpg');
Insert into OTB.STORE_IMAGE (STORE_IMAGE_NO,STORE_NO,STORE_PATH_IMAGE) values (246,20,'1634279152383ce0002a0-0d78-4355-bc33-117366c4905b.jpg');
Insert into OTB.STORE_IMAGE (STORE_IMAGE_NO,STORE_NO,STORE_PATH_IMAGE) values (247,20,'1634279152388d7a40958-e55b-4e7c-8677-9f0a6912aac5.jpg');
Insert into OTB.STORE_IMAGE (STORE_IMAGE_NO,STORE_NO,STORE_PATH_IMAGE) values (248,20,'1634279152391aff6b42a-e610-44cb-b1e7-ad399cee9589.jpg');
Insert into OTB.STORE_IMAGE (STORE_IMAGE_NO,STORE_NO,STORE_PATH_IMAGE) values (233,20,'1634277759891ffdd05bf-1258-4511-b18f-8d4f2ec3ada5.png');
Insert into OTB.STORE_IMAGE (STORE_IMAGE_NO,STORE_NO,STORE_PATH_IMAGE) values (234,20,'16342777598954533eeac-96bd-4331-aef6-02ecf0647405.png');
Insert into OTB.STORE_IMAGE (STORE_IMAGE_NO,STORE_NO,STORE_PATH_IMAGE) values (249,20,'1634279152395f76e41a3-2d98-448a-8c3a-04b103604b60.jpg');
Insert into OTB.STORE_IMAGE (STORE_IMAGE_NO,STORE_NO,STORE_PATH_IMAGE) values (250,20,'1634279194430526d5088-9c2f-4b42-8dd7-86d27cac6d11.jpg');
Insert into OTB.STORE_IMAGE (STORE_IMAGE_NO,STORE_NO,STORE_PATH_IMAGE) values (251,20,'16342792004479fdcef69-23c5-4375-a9e7-c7708d1fec01.jpg');
Insert into OTB.STORE_IMAGE (STORE_IMAGE_NO,STORE_NO,STORE_PATH_IMAGE) values (252,20,'16342793991381284b1b4-a97c-4d43-adf4-3fef7c600323.jpg');
Insert into OTB.STORE_IMAGE (STORE_IMAGE_NO,STORE_NO,STORE_PATH_IMAGE) values (253,20,'163427944959635e11b4d-0d33-44e9-9e23-19c7cfedf49d.jpg');
Insert into OTB.STORE_IMAGE (STORE_IMAGE_NO,STORE_NO,STORE_PATH_IMAGE) values (254,20,'16342794573853d64da05-42e2-4422-b73d-7dfdde06a1a4.jpg');
Insert into OTB.STORE_IMAGE (STORE_IMAGE_NO,STORE_NO,STORE_PATH_IMAGE) values (255,20,'1634279574244473fc259-b568-4b99-8d6d-96b888fa17f5.jpg');
Insert into OTB.STORE_IMAGE (STORE_IMAGE_NO,STORE_NO,STORE_PATH_IMAGE) values (256,20,'16342795742488fbc66e3-ac33-47c3-83ee-976a4032c35d.jpg');
Insert into OTB.STORE_IMAGE (STORE_IMAGE_NO,STORE_NO,STORE_PATH_IMAGE) values (257,20,'1634279578464feb26782-9217-42d9-a60b-10135f6a3b0d.jpg');
Insert into OTB.STORE_IMAGE (STORE_IMAGE_NO,STORE_NO,STORE_PATH_IMAGE) values (258,20,'163427958374087835686-8001-4c5c-88b3-a77b62b1fcbb.jpg');
Insert into OTB.STORE_IMAGE (STORE_IMAGE_NO,STORE_NO,STORE_PATH_IMAGE) values (259,20,'16342795837444380fe48-a34c-4d73-bdc3-1122f55f41f5.jpg');
Insert into OTB.STORE_IMAGE (STORE_IMAGE_NO,STORE_NO,STORE_PATH_IMAGE) values (260,20,'16342795887484aaae2cd-9122-4c07-b498-e49fcc9864e5.jpg');
Insert into OTB.STORE_IMAGE (STORE_IMAGE_NO,STORE_NO,STORE_PATH_IMAGE) values (261,20,'1634279592980da27c289-b85d-4506-b195-afd05c178341.jpg');
Insert into OTB.STORE_IMAGE (STORE_IMAGE_NO,STORE_NO,STORE_PATH_IMAGE) values (263,20,'163427959837842497a0f-97f7-4db6-8851-878f148df520.jpg');
Insert into OTB.STORE_IMAGE (STORE_IMAGE_NO,STORE_NO,STORE_PATH_IMAGE) values (264,20,'163427960369779f07b80-d1b6-4263-b591-c51bc6b6fa46.jpg');
Insert into OTB.STORE_IMAGE (STORE_IMAGE_NO,STORE_NO,STORE_PATH_IMAGE) values (265,20,'16342796037014ecd1390-031a-4502-8c7f-1f1447e6df33.jpg');
Insert into OTB.STORE_IMAGE (STORE_IMAGE_NO,STORE_NO,STORE_PATH_IMAGE) values (266,20,'163427967408596f2822b-6f6f-4bc2-ad4c-5281910e7bab.jpg');
Insert into OTB.STORE_IMAGE (STORE_IMAGE_NO,STORE_NO,STORE_PATH_IMAGE) values (267,20,'163427967823788be3073-f15e-4d2a-964b-dea6c8def4ba.jpg');
Insert into OTB.STORE_IMAGE (STORE_IMAGE_NO,STORE_NO,STORE_PATH_IMAGE) values (268,20,'16342796782426ac95197-2976-405d-a829-de6dd668554a.jpg');
Insert into OTB.STORE_IMAGE (STORE_IMAGE_NO,STORE_NO,STORE_PATH_IMAGE) values (269,20,'163427968556114632cb1-6431-43d3-8084-3c762cb31c63.jpg');
Insert into OTB.STORE_IMAGE (STORE_IMAGE_NO,STORE_NO,STORE_PATH_IMAGE) values (270,20,'163427968556658a6a9d5-26f9-4a03-b218-94f9ae2fab2a.jpg');
Insert into OTB.STORE_IMAGE (STORE_IMAGE_NO,STORE_NO,STORE_PATH_IMAGE) values (271,20,'1634279690786e2d1ecee-e4a7-4650-b91d-775d9a19e777.jpg');
Insert into OTB.STORE_IMAGE (STORE_IMAGE_NO,STORE_NO,STORE_PATH_IMAGE) values (272,20,'16342796907914fe4abe1-9584-4b7b-8a70-a29cc5cb4f1e.jpg');
Insert into OTB.STORE_IMAGE (STORE_IMAGE_NO,STORE_NO,STORE_PATH_IMAGE) values (273,20,'16342796907942fc5b81a-aaf9-491e-82a1-d6bb7c49e049.jpg');
Insert into OTB.STORE_IMAGE (STORE_IMAGE_NO,STORE_NO,STORE_PATH_IMAGE) values (274,20,'16342796907976e164220-dff0-4ca2-b789-94aa35fcc1c7.jpg');
Insert into OTB.STORE_IMAGE (STORE_IMAGE_NO,STORE_NO,STORE_PATH_IMAGE) values (275,20,'16342796971925ebcda61-9487-40fa-8033-eec8931a011a.jpg');
Insert into OTB.STORE_IMAGE (STORE_IMAGE_NO,STORE_NO,STORE_PATH_IMAGE) values (276,20,'163427969719570e8ea00-d996-411b-9d5a-c6fd67f22a95.jpg');
Insert into OTB.STORE_IMAGE (STORE_IMAGE_NO,STORE_NO,STORE_PATH_IMAGE) values (277,20,'16342796971989b445529-5684-4f3d-a9a1-8e9ddf29e357.jpg');
Insert into OTB.STORE_IMAGE (STORE_IMAGE_NO,STORE_NO,STORE_PATH_IMAGE) values (278,20,'163427969720134af34f6-fd7c-4c8e-8461-9d056a53ccbf.jpg');
Insert into OTB.STORE_IMAGE (STORE_IMAGE_NO,STORE_NO,STORE_PATH_IMAGE) values (279,20,'16342796972107912c4f0-408d-4eb6-918c-0b2de7bc9518.jpg');
Insert into OTB.STORE_IMAGE (STORE_IMAGE_NO,STORE_NO,STORE_PATH_IMAGE) values (280,20,'1634279697214e7261d47-530b-491e-aa4e-b7526d8df274.jpg');
Insert into OTB.STORE_IMAGE (STORE_IMAGE_NO,STORE_NO,STORE_PATH_IMAGE) values (281,20,'163427969721847726856-b628-4624-91f9-69e8507880e9.jpg');
Insert into OTB.STORE_IMAGE (STORE_IMAGE_NO,STORE_NO,STORE_PATH_IMAGE) values (282,20,'16342796972218a3862d1-070d-4931-acea-6f5910a6aefc.jpg');
Insert into OTB.STORE_IMAGE (STORE_IMAGE_NO,STORE_NO,STORE_PATH_IMAGE) values (283,31,'1634287334948de25fdf9-df17-44ae-90f4-af82051c0cc8.png');
Insert into OTB.STORE_IMAGE (STORE_IMAGE_NO,STORE_NO,STORE_PATH_IMAGE) values (284,31,'16342873349528731a444-ccab-4a6a-9589-e098bd33b115.png');
Insert into OTB.STORE_IMAGE (STORE_IMAGE_NO,STORE_NO,STORE_PATH_IMAGE) values (285,31,'1634287334957aceb6ac4-619f-4eb8-88bf-3cc3e5ba057d.png');
Insert into OTB.STORE_IMAGE (STORE_IMAGE_NO,STORE_NO,STORE_PATH_IMAGE) values (293,31,'1634520788237675e8f57-ba05-4a91-9e9e-62f07834610a.png');
Insert into OTB.STORE_IMAGE (STORE_IMAGE_NO,STORE_NO,STORE_PATH_IMAGE) values (294,31,'163452078824470cf4bd6-a592-4957-ac70-68dfe11adad2.png');
Insert into OTB.STORE_IMAGE (STORE_IMAGE_NO,STORE_NO,STORE_PATH_IMAGE) values (295,31,'1634520788249a271dd3a-6e3f-4658-b135-5ae5eb1cc48f.png');
Insert into OTB.STORE_IMAGE (STORE_IMAGE_NO,STORE_NO,STORE_PATH_IMAGE) values (296,31,'163452078825369702d28-2a97-42cc-80eb-417ebdd2e23b.png');
Insert into OTB.STORE_IMAGE (STORE_IMAGE_NO,STORE_NO,STORE_PATH_IMAGE) values (299,31,'16345207882727ff77bd3-147c-44cc-bfd3-56e56df329d7.png');
Insert into OTB.STORE_IMAGE (STORE_IMAGE_NO,STORE_NO,STORE_PATH_IMAGE) values (301,31,'1634520788279c3d0550e-3f16-4a47-8e6c-b09d823b19f4.png');
REM INSERTING into OTB.STORE_REVIEW
SET DEFINE OFF;
REM INSERTING into OTB.THEME
SET DEFINE OFF;
Insert into OTB.THEME (THEME_NO,THEME_NAME) values (1,'전략');
Insert into OTB.THEME (THEME_NO,THEME_NAME) values (2,'추상');
Insert into OTB.THEME (THEME_NO,THEME_NAME) values (3,'컬렉터블');
Insert into OTB.THEME (THEME_NO,THEME_NAME) values (4,'가족');
Insert into OTB.THEME (THEME_NO,THEME_NAME) values (5,'파티');
Insert into OTB.THEME (THEME_NO,THEME_NAME) values (6,'어린이');
Insert into OTB.THEME (THEME_NO,THEME_NAME) values (7,'테마');
Insert into OTB.THEME (THEME_NO,THEME_NAME) values (8,'워게임');
Insert into OTB.THEME (THEME_NO,THEME_NAME) values (9,'한글');
Insert into OTB.THEME (THEME_NO,THEME_NAME) values (10,'경제');
Insert into OTB.THEME (THEME_NO,THEME_NAME) values (11,'협력');
Insert into OTB.THEME (THEME_NO,THEME_NAME) values (12,'퍼즐');
Insert into OTB.THEME (THEME_NO,THEME_NAME) values (13,'모험');
Insert into OTB.THEME (THEME_NO,THEME_NAME) values (14,'주사위');
Insert into OTB.THEME (THEME_NO,THEME_NAME) values (15,'카드');
REM INSERTING into OTB.USERS
SET DEFINE OFF;
Insert into OTB.USERS (USER_NO,USER_ID,USER_PASSWORD,USER_NAME,USER_NICKNAME,USER_GENDER,USER_EMAIL,USER_BIRTH_DATE,USER_PHONE_NO,USER_GRADE,USER_PATH_PROFILE,USER_REG_DATE,SIDO_CODE,SIGUNGU_CODE) values (13,null,null,null,null,'성별',null,null,null,1,null,to_date('21/10/12','RR/MM/DD'),null,null);
Insert into OTB.USERS (USER_NO,USER_ID,USER_PASSWORD,USER_NAME,USER_NICKNAME,USER_GENDER,USER_EMAIL,USER_BIRTH_DATE,USER_PHONE_NO,USER_GRADE,USER_PATH_PROFILE,USER_REG_DATE,SIDO_CODE,SIGUNGU_CODE) values (2,'asdf','asdf','최영교','asdf','male',null,to_date('93/10/09','RR/MM/DD'),null,1,null,to_date('21/10/04','RR/MM/DD'),null,null);
Insert into OTB.USERS (USER_NO,USER_ID,USER_PASSWORD,USER_NAME,USER_NICKNAME,USER_GENDER,USER_EMAIL,USER_BIRTH_DATE,USER_PHONE_NO,USER_GRADE,USER_PATH_PROFILE,USER_REG_DATE,SIDO_CODE,SIGUNGU_CODE) values (3,'asdf','asdf','최영교','asdf','male',null,to_date('93/10/09','RR/MM/DD'),null,1,null,to_date('21/10/04','RR/MM/DD'),null,null);
Insert into OTB.USERS (USER_NO,USER_ID,USER_PASSWORD,USER_NAME,USER_NICKNAME,USER_GENDER,USER_EMAIL,USER_BIRTH_DATE,USER_PHONE_NO,USER_GRADE,USER_PATH_PROFILE,USER_REG_DATE,SIDO_CODE,SIGUNGU_CODE) values (4,'qwer','qwer','최영교','qwer','male',null,to_date('93/10/09','RR/MM/DD'),null,2,null,to_date('21/10/04','RR/MM/DD'),null,null);
Insert into OTB.USERS (USER_NO,USER_ID,USER_PASSWORD,USER_NAME,USER_NICKNAME,USER_GENDER,USER_EMAIL,USER_BIRTH_DATE,USER_PHONE_NO,USER_GRADE,USER_PATH_PROFILE,USER_REG_DATE,SIDO_CODE,SIGUNGU_CODE) values (7,'asd','asd','asd','asd','male',null,to_date('31/12/31','RR/MM/DD'),null,2,null,to_date('21/10/04','RR/MM/DD'),null,null);
Insert into OTB.USERS (USER_NO,USER_ID,USER_PASSWORD,USER_NAME,USER_NICKNAME,USER_GENDER,USER_EMAIL,USER_BIRTH_DATE,USER_PHONE_NO,USER_GRADE,USER_PATH_PROFILE,USER_REG_DATE,SIDO_CODE,SIGUNGU_CODE) values (12,'#4443asdfasdfasdfsda','    44ssssssssssssss','123','123','성별',null,to_date('94/01/01','RR/MM/DD'),null,2,null,to_date('21/10/12','RR/MM/DD'),null,null);
Insert into OTB.USERS (USER_NO,USER_ID,USER_PASSWORD,USER_NAME,USER_NICKNAME,USER_GENDER,USER_EMAIL,USER_BIRTH_DATE,USER_PHONE_NO,USER_GRADE,USER_PATH_PROFILE,USER_REG_DATE,SIDO_CODE,SIGUNGU_CODE) values (14,null,null,null,null,'성별',null,null,null,1,null,to_date('21/10/12','RR/MM/DD'),null,null);
Insert into OTB.USERS (USER_NO,USER_ID,USER_PASSWORD,USER_NAME,USER_NICKNAME,USER_GENDER,USER_EMAIL,USER_BIRTH_DATE,USER_PHONE_NO,USER_GRADE,USER_PATH_PROFILE,USER_REG_DATE,SIDO_CODE,SIGUNGU_CODE) values (15,'123','123',null,null,'성별',null,null,null,2,null,to_date('21/10/12','RR/MM/DD'),null,null);
Insert into OTB.USERS (USER_NO,USER_ID,USER_PASSWORD,USER_NAME,USER_NICKNAME,USER_GENDER,USER_EMAIL,USER_BIRTH_DATE,USER_PHONE_NO,USER_GRADE,USER_PATH_PROFILE,USER_REG_DATE,SIDO_CODE,SIGUNGU_CODE) values (16,'111','111',null,null,'성별',null,null,null,2,null,to_date('21/10/12','RR/MM/DD'),null,null);
Insert into OTB.USERS (USER_NO,USER_ID,USER_PASSWORD,USER_NAME,USER_NICKNAME,USER_GENDER,USER_EMAIL,USER_BIRTH_DATE,USER_PHONE_NO,USER_GRADE,USER_PATH_PROFILE,USER_REG_DATE,SIDO_CODE,SIGUNGU_CODE) values (17,'1234','1234','123','123','성별',null,null,null,1,null,to_date('21/10/12','RR/MM/DD'),null,null);
Insert into OTB.USERS (USER_NO,USER_ID,USER_PASSWORD,USER_NAME,USER_NICKNAME,USER_GENDER,USER_EMAIL,USER_BIRTH_DATE,USER_PHONE_NO,USER_GRADE,USER_PATH_PROFILE,USER_REG_DATE,SIDO_CODE,SIGUNGU_CODE) values (18,'1234','1234',null,null,'성별',null,null,null,1,null,to_date('21/10/12','RR/MM/DD'),null,null);
Insert into OTB.USERS (USER_NO,USER_ID,USER_PASSWORD,USER_NAME,USER_NICKNAME,USER_GENDER,USER_EMAIL,USER_BIRTH_DATE,USER_PHONE_NO,USER_GRADE,USER_PATH_PROFILE,USER_REG_DATE,SIDO_CODE,SIGUNGU_CODE) values (20,'a123','a123','abc','a123','male',null,to_date('94/12/12','RR/MM/DD'),null,1,null,to_date('21/10/12','RR/MM/DD'),null,null);
Insert into OTB.USERS (USER_NO,USER_ID,USER_PASSWORD,USER_NAME,USER_NICKNAME,USER_GENDER,USER_EMAIL,USER_BIRTH_DATE,USER_PHONE_NO,USER_GRADE,USER_PATH_PROFILE,USER_REG_DATE,SIDO_CODE,SIGUNGU_CODE) values (21,'aaa','aaa',null,null,'성별',null,null,null,1,null,to_date('21/10/12','RR/MM/DD'),null,null);
Insert into OTB.USERS (USER_NO,USER_ID,USER_PASSWORD,USER_NAME,USER_NICKNAME,USER_GENDER,USER_EMAIL,USER_BIRTH_DATE,USER_PHONE_NO,USER_GRADE,USER_PATH_PROFILE,USER_REG_DATE,SIDO_CODE,SIGUNGU_CODE) values (22,'qwe','qwe','ddd',null,'성별',null,null,null,2,null,to_date('21/10/13','RR/MM/DD'),null,null);
Insert into OTB.USERS (USER_NO,USER_ID,USER_PASSWORD,USER_NAME,USER_NICKNAME,USER_GENDER,USER_EMAIL,USER_BIRTH_DATE,USER_PHONE_NO,USER_GRADE,USER_PATH_PROFILE,USER_REG_DATE,SIDO_CODE,SIGUNGU_CODE) values (23,'aq','aq',null,null,'성별',null,null,null,2,null,to_date('21/10/15','RR/MM/DD'),null,null);
Insert into OTB.USERS (USER_NO,USER_ID,USER_PASSWORD,USER_NAME,USER_NICKNAME,USER_GENDER,USER_EMAIL,USER_BIRTH_DATE,USER_PHONE_NO,USER_GRADE,USER_PATH_PROFILE,USER_REG_DATE,SIDO_CODE,SIGUNGU_CODE) values (24,'zxc','zxc',null,null,'성별',null,null,null,2,null,to_date('21/10/15','RR/MM/DD'),null,null);
Insert into OTB.USERS (USER_NO,USER_ID,USER_PASSWORD,USER_NAME,USER_NICKNAME,USER_GENDER,USER_EMAIL,USER_BIRTH_DATE,USER_PHONE_NO,USER_GRADE,USER_PATH_PROFILE,USER_REG_DATE,SIDO_CODE,SIGUNGU_CODE) values (25,'1111','1111',null,null,'성별',null,null,null,2,null,to_date('21/10/15','RR/MM/DD'),null,null);
Insert into OTB.USERS (USER_NO,USER_ID,USER_PASSWORD,USER_NAME,USER_NICKNAME,USER_GENDER,USER_EMAIL,USER_BIRTH_DATE,USER_PHONE_NO,USER_GRADE,USER_PATH_PROFILE,USER_REG_DATE,SIDO_CODE,SIGUNGU_CODE) values (26,'222','222','222',null,'성별',null,null,null,2,null,to_date('21/10/15','RR/MM/DD'),null,null);
Insert into OTB.USERS (USER_NO,USER_ID,USER_PASSWORD,USER_NAME,USER_NICKNAME,USER_GENDER,USER_EMAIL,USER_BIRTH_DATE,USER_PHONE_NO,USER_GRADE,USER_PATH_PROFILE,USER_REG_DATE,SIDO_CODE,SIGUNGU_CODE) values (27,'4444','4444','정우성','asdf','male',null,to_date('32/12/12','RR/MM/DD'),null,2,null,to_date('21/10/18','RR/MM/DD'),null,null);
--------------------------------------------------------
--  DDL for Index PK_USERS
--------------------------------------------------------

  CREATE UNIQUE INDEX "OTB"."PK_USERS" ON "OTB"."USERS" ("USER_NO") 
  PCTFREE 10 INITRANS 2 MAXTRANS 255 COMPUTE STATISTICS 
  STORAGE(INITIAL 65536 NEXT 1048576 MINEXTENTS 1 MAXEXTENTS 2147483645
  PCTINCREASE 0 FREELISTS 1 FREELIST GROUPS 1 BUFFER_POOL DEFAULT FLASH_CACHE DEFAULT CELL_FLASH_CACHE DEFAULT)
  TABLESPACE "SYSTEM" ;
--------------------------------------------------------
--  DDL for Index PK_MATCHING
--------------------------------------------------------

  CREATE UNIQUE INDEX "OTB"."PK_MATCHING" ON "OTB"."MATCHING" ("MATCHING_NO") 
  PCTFREE 10 INITRANS 2 MAXTRANS 255 COMPUTE STATISTICS 
  STORAGE(INITIAL 65536 NEXT 1048576 MINEXTENTS 1 MAXEXTENTS 2147483645
  PCTINCREASE 0 FREELISTS 1 FREELIST GROUPS 1 BUFFER_POOL DEFAULT FLASH_CACHE DEFAULT CELL_FLASH_CACHE DEFAULT)
  TABLESPACE "SYSTEM" ;
--------------------------------------------------------
--  DDL for Index PK_REPLY
--------------------------------------------------------

  CREATE UNIQUE INDEX "OTB"."PK_REPLY" ON "OTB"."REPLY" ("REPLY_NO") 
  PCTFREE 10 INITRANS 2 MAXTRANS 255 COMPUTE STATISTICS 
  STORAGE(INITIAL 65536 NEXT 1048576 MINEXTENTS 1 MAXEXTENTS 2147483645
  PCTINCREASE 0 FREELISTS 1 FREELIST GROUPS 1 BUFFER_POOL DEFAULT FLASH_CACHE DEFAULT CELL_FLASH_CACHE DEFAULT)
  TABLESPACE "SYSTEM" ;
--------------------------------------------------------
--  DDL for Index PK_STORE
--------------------------------------------------------

  CREATE UNIQUE INDEX "OTB"."PK_STORE" ON "OTB"."STORE" ("STORE_NO") 
  PCTFREE 10 INITRANS 2 MAXTRANS 255 COMPUTE STATISTICS 
  STORAGE(INITIAL 65536 NEXT 1048576 MINEXTENTS 1 MAXEXTENTS 2147483645
  PCTINCREASE 0 FREELISTS 1 FREELIST GROUPS 1 BUFFER_POOL DEFAULT FLASH_CACHE DEFAULT CELL_FLASH_CACHE DEFAULT)
  TABLESPACE "SYSTEM" ;
--------------------------------------------------------
--  DDL for Index PK_SIDO
--------------------------------------------------------

  CREATE UNIQUE INDEX "OTB"."PK_SIDO" ON "OTB"."SIDO" ("SIDO_CODE") 
  PCTFREE 10 INITRANS 2 MAXTRANS 255 COMPUTE STATISTICS 
  STORAGE(INITIAL 65536 NEXT 1048576 MINEXTENTS 1 MAXEXTENTS 2147483645
  PCTINCREASE 0 FREELISTS 1 FREELIST GROUPS 1 BUFFER_POOL DEFAULT FLASH_CACHE DEFAULT CELL_FLASH_CACHE DEFAULT)
  TABLESPACE "SYSTEM" ;
--------------------------------------------------------
--  DDL for Index PK_THEME
--------------------------------------------------------

  CREATE UNIQUE INDEX "OTB"."PK_THEME" ON "OTB"."THEME" ("THEME_NO") 
  PCTFREE 10 INITRANS 2 MAXTRANS 255 COMPUTE STATISTICS 
  STORAGE(INITIAL 65536 NEXT 1048576 MINEXTENTS 1 MAXEXTENTS 2147483645
  PCTINCREASE 0 FREELISTS 1 FREELIST GROUPS 1 BUFFER_POOL DEFAULT FLASH_CACHE DEFAULT CELL_FLASH_CACHE DEFAULT)
  TABLESPACE "SYSTEM" ;
--------------------------------------------------------
--  DDL for Index PK_RESERVATION_TIME_GROUP
--------------------------------------------------------

  CREATE UNIQUE INDEX "OTB"."PK_RESERVATION_TIME_GROUP" ON "OTB"."RESERVATION_TIME_GROUP" ("RESERVATION_TIME_GROUP_NO") 
  PCTFREE 10 INITRANS 2 MAXTRANS 255 COMPUTE STATISTICS 
  STORAGE(INITIAL 65536 NEXT 1048576 MINEXTENTS 1 MAXEXTENTS 2147483645
  PCTINCREASE 0 FREELISTS 1 FREELIST GROUPS 1 BUFFER_POOL DEFAULT FLASH_CACHE DEFAULT CELL_FLASH_CACHE DEFAULT)
  TABLESPACE "SYSTEM" ;
--------------------------------------------------------
--  DDL for Index PK_STORE_BOOKMARK
--------------------------------------------------------

  CREATE UNIQUE INDEX "OTB"."PK_STORE_BOOKMARK" ON "OTB"."STORE_BOOKMARK" ("STORE_BOOKMARK_NO") 
  PCTFREE 10 INITRANS 2 MAXTRANS 255 COMPUTE STATISTICS 
  STORAGE(INITIAL 65536 NEXT 1048576 MINEXTENTS 1 MAXEXTENTS 2147483645
  PCTINCREASE 0 FREELISTS 1 FREELIST GROUPS 1 BUFFER_POOL DEFAULT FLASH_CACHE DEFAULT CELL_FLASH_CACHE DEFAULT)
  TABLESPACE "SYSTEM" ;
--------------------------------------------------------
--  DDL for Index PK_GAME_BOOKMARK
--------------------------------------------------------

  CREATE UNIQUE INDEX "OTB"."PK_GAME_BOOKMARK" ON "OTB"."GAME_BOOKMARK" ("GAME_BOOKMARK_NO") 
  PCTFREE 10 INITRANS 2 MAXTRANS 255 COMPUTE STATISTICS 
  STORAGE(INITIAL 65536 NEXT 1048576 MINEXTENTS 1 MAXEXTENTS 2147483645
  PCTINCREASE 0 FREELISTS 1 FREELIST GROUPS 1 BUFFER_POOL DEFAULT FLASH_CACHE DEFAULT CELL_FLASH_CACHE DEFAULT)
  TABLESPACE "SYSTEM" ;
--------------------------------------------------------
--  DDL for Index PK_MESSAGE
--------------------------------------------------------

  CREATE UNIQUE INDEX "OTB"."PK_MESSAGE" ON "OTB"."MESSAGE" ("MESSAGE_NO") 
  PCTFREE 10 INITRANS 2 MAXTRANS 255 COMPUTE STATISTICS 
  STORAGE(INITIAL 65536 NEXT 1048576 MINEXTENTS 1 MAXEXTENTS 2147483645
  PCTINCREASE 0 FREELISTS 1 FREELIST GROUPS 1 BUFFER_POOL DEFAULT FLASH_CACHE DEFAULT CELL_FLASH_CACHE DEFAULT)
  TABLESPACE "SYSTEM" ;
--------------------------------------------------------
--  DDL for Index PK_STORE_IMAGE
--------------------------------------------------------

  CREATE UNIQUE INDEX "OTB"."PK_STORE_IMAGE" ON "OTB"."STORE_IMAGE" ("STORE_IMAGE_NO") 
  PCTFREE 10 INITRANS 2 MAXTRANS 255 COMPUTE STATISTICS 
  STORAGE(INITIAL 65536 NEXT 1048576 MINEXTENTS 1 MAXEXTENTS 2147483645
  PCTINCREASE 0 FREELISTS 1 FREELIST GROUPS 1 BUFFER_POOL DEFAULT FLASH_CACHE DEFAULT CELL_FLASH_CACHE DEFAULT)
  TABLESPACE "SYSTEM" ;
--------------------------------------------------------
--  DDL for Index PK_RESERVATION_MEMBER
--------------------------------------------------------

  CREATE UNIQUE INDEX "OTB"."PK_RESERVATION_MEMBER" ON "OTB"."RESERVATION_MEMBER" ("RESERVATION_MEMBER_NO") 
  PCTFREE 10 INITRANS 2 MAXTRANS 255 COMPUTE STATISTICS 
  STORAGE(INITIAL 65536 NEXT 1048576 MINEXTENTS 1 MAXEXTENTS 2147483645
  PCTINCREASE 0 FREELISTS 1 FREELIST GROUPS 1 BUFFER_POOL DEFAULT FLASH_CACHE DEFAULT CELL_FLASH_CACHE DEFAULT)
  TABLESPACE "SYSTEM" ;
--------------------------------------------------------
--  DDL for Index PK_RESERVATION
--------------------------------------------------------

  CREATE UNIQUE INDEX "OTB"."PK_RESERVATION" ON "OTB"."RESERVATION" ("RESERVATION_NO") 
  PCTFREE 10 INITRANS 2 MAXTRANS 255 COMPUTE STATISTICS 
  STORAGE(INITIAL 65536 NEXT 1048576 MINEXTENTS 1 MAXEXTENTS 2147483645
  PCTINCREASE 0 FREELISTS 1 FREELIST GROUPS 1 BUFFER_POOL DEFAULT FLASH_CACHE DEFAULT CELL_FLASH_CACHE DEFAULT)
  TABLESPACE "SYSTEM" ;
--------------------------------------------------------
--  DDL for Index PK_STORE_REVIEW
--------------------------------------------------------

  CREATE UNIQUE INDEX "OTB"."PK_STORE_REVIEW" ON "OTB"."STORE_REVIEW" ("STORE_REVIEW_NO") 
  PCTFREE 10 INITRANS 2 MAXTRANS 255 COMPUTE STATISTICS 
  STORAGE(INITIAL 65536 NEXT 1048576 MINEXTENTS 1 MAXEXTENTS 2147483645
  PCTINCREASE 0 FREELISTS 1 FREELIST GROUPS 1 BUFFER_POOL DEFAULT FLASH_CACHE DEFAULT CELL_FLASH_CACHE DEFAULT)
  TABLESPACE "SYSTEM" ;
--------------------------------------------------------
--  DDL for Index PK_COMMENTS
--------------------------------------------------------

  CREATE UNIQUE INDEX "OTB"."PK_COMMENTS" ON "OTB"."COMMENTS" ("COMMENT_NO") 
  PCTFREE 10 INITRANS 2 MAXTRANS 255 COMPUTE STATISTICS 
  STORAGE(INITIAL 65536 NEXT 1048576 MINEXTENTS 1 MAXEXTENTS 2147483645
  PCTINCREASE 0 FREELISTS 1 FREELIST GROUPS 1 BUFFER_POOL DEFAULT FLASH_CACHE DEFAULT CELL_FLASH_CACHE DEFAULT)
  TABLESPACE "SYSTEM" ;
--------------------------------------------------------
--  DDL for Index PK_OWNED_GAME
--------------------------------------------------------

  CREATE UNIQUE INDEX "OTB"."PK_OWNED_GAME" ON "OTB"."OWNED_GAME" ("OWNED_GAME_NO") 
  PCTFREE 10 INITRANS 2 MAXTRANS 255 COMPUTE STATISTICS 
  STORAGE(INITIAL 65536 NEXT 1048576 MINEXTENTS 1 MAXEXTENTS 2147483645
  PCTINCREASE 0 FREELISTS 1 FREELIST GROUPS 1 BUFFER_POOL DEFAULT FLASH_CACHE DEFAULT CELL_FLASH_CACHE DEFAULT)
  TABLESPACE "SYSTEM" ;
--------------------------------------------------------
--  DDL for Index PK_HASHTAG
--------------------------------------------------------

  CREATE UNIQUE INDEX "OTB"."PK_HASHTAG" ON "OTB"."HASHTAG" ("HASHTAG_NO") 
  PCTFREE 10 INITRANS 2 MAXTRANS 255 COMPUTE STATISTICS 
  STORAGE(INITIAL 65536 NEXT 1048576 MINEXTENTS 1 MAXEXTENTS 2147483645
  PCTINCREASE 0 FREELISTS 1 FREELIST GROUPS 1 BUFFER_POOL DEFAULT FLASH_CACHE DEFAULT CELL_FLASH_CACHE DEFAULT)
  TABLESPACE "SYSTEM" ;
--------------------------------------------------------
--  DDL for Index PK_GAME
--------------------------------------------------------

  CREATE UNIQUE INDEX "OTB"."PK_GAME" ON "OTB"."GAME" ("GAME_NO") 
  PCTFREE 10 INITRANS 2 MAXTRANS 255 COMPUTE STATISTICS 
  STORAGE(INITIAL 65536 NEXT 1048576 MINEXTENTS 1 MAXEXTENTS 2147483645
  PCTINCREASE 0 FREELISTS 1 FREELIST GROUPS 1 BUFFER_POOL DEFAULT FLASH_CACHE DEFAULT CELL_FLASH_CACHE DEFAULT)
  TABLESPACE "SYSTEM" ;
--------------------------------------------------------
--  DDL for Index PK_SIGUNGU
--------------------------------------------------------

  CREATE UNIQUE INDEX "OTB"."PK_SIGUNGU" ON "OTB"."SIGUNGU" ("SIGUNGU_CODE", "SIDO_CODE") 
  PCTFREE 10 INITRANS 2 MAXTRANS 255 COMPUTE STATISTICS 
  STORAGE(INITIAL 65536 NEXT 1048576 MINEXTENTS 1 MAXEXTENTS 2147483645
  PCTINCREASE 0 FREELISTS 1 FREELIST GROUPS 1 BUFFER_POOL DEFAULT FLASH_CACHE DEFAULT CELL_FLASH_CACHE DEFAULT)
  TABLESPACE "SYSTEM" ;
--------------------------------------------------------
--  DDL for Index PK_RESERVATION_TIME
--------------------------------------------------------

  CREATE UNIQUE INDEX "OTB"."PK_RESERVATION_TIME" ON "OTB"."RESERVATION_TIME" ("RESERVATION_TIME_NO") 
  PCTFREE 10 INITRANS 2 MAXTRANS 255 COMPUTE STATISTICS 
  STORAGE(INITIAL 65536 NEXT 1048576 MINEXTENTS 1 MAXEXTENTS 2147483645
  PCTINCREASE 0 FREELISTS 1 FREELIST GROUPS 1 BUFFER_POOL DEFAULT FLASH_CACHE DEFAULT CELL_FLASH_CACHE DEFAULT)
  TABLESPACE "SYSTEM" ;
--------------------------------------------------------
--  DDL for Index PK_RESERVATION_DATE
--------------------------------------------------------

  CREATE UNIQUE INDEX "OTB"."PK_RESERVATION_DATE" ON "OTB"."RESERVATION_DATE" ("RESERVATION_DATE_NO") 
  PCTFREE 10 INITRANS 2 MAXTRANS 255 COMPUTE STATISTICS 
  STORAGE(INITIAL 65536 NEXT 1048576 MINEXTENTS 1 MAXEXTENTS 2147483645
  PCTINCREASE 0 FREELISTS 1 FREELIST GROUPS 1 BUFFER_POOL DEFAULT FLASH_CACHE DEFAULT CELL_FLASH_CACHE DEFAULT)
  TABLESPACE "SYSTEM" ;
--------------------------------------------------------
--  Constraints for Table USERS
--------------------------------------------------------

  ALTER TABLE "OTB"."USERS" ADD CONSTRAINT "PK_USERS" PRIMARY KEY ("USER_NO")
  USING INDEX PCTFREE 10 INITRANS 2 MAXTRANS 255 COMPUTE STATISTICS 
  STORAGE(INITIAL 65536 NEXT 1048576 MINEXTENTS 1 MAXEXTENTS 2147483645
  PCTINCREASE 0 FREELISTS 1 FREELIST GROUPS 1 BUFFER_POOL DEFAULT FLASH_CACHE DEFAULT CELL_FLASH_CACHE DEFAULT)
  TABLESPACE "SYSTEM"  ENABLE;
  ALTER TABLE "OTB"."USERS" MODIFY ("USER_NO" NOT NULL ENABLE);
--------------------------------------------------------
--  Constraints for Table RESERVATION_TIME_GROUP
--------------------------------------------------------

  ALTER TABLE "OTB"."RESERVATION_TIME_GROUP" ADD CONSTRAINT "PK_RESERVATION_TIME_GROUP" PRIMARY KEY ("RESERVATION_TIME_GROUP_NO")
  USING INDEX PCTFREE 10 INITRANS 2 MAXTRANS 255 COMPUTE STATISTICS 
  STORAGE(INITIAL 65536 NEXT 1048576 MINEXTENTS 1 MAXEXTENTS 2147483645
  PCTINCREASE 0 FREELISTS 1 FREELIST GROUPS 1 BUFFER_POOL DEFAULT FLASH_CACHE DEFAULT CELL_FLASH_CACHE DEFAULT)
  TABLESPACE "SYSTEM"  ENABLE;
  ALTER TABLE "OTB"."RESERVATION_TIME_GROUP" MODIFY ("RESERVATION_TIME_GROUP_NO" NOT NULL ENABLE);
--------------------------------------------------------
--  Constraints for Table MATCHING_GROUP
--------------------------------------------------------

  ALTER TABLE "OTB"."MATCHING_GROUP" MODIFY ("MATCHING_NO" NOT NULL ENABLE);
--------------------------------------------------------
--  Constraints for Table RESERVATION
--------------------------------------------------------

  ALTER TABLE "OTB"."RESERVATION" ADD CONSTRAINT "PK_RESERVATION" PRIMARY KEY ("RESERVATION_NO")
  USING INDEX PCTFREE 10 INITRANS 2 MAXTRANS 255 COMPUTE STATISTICS 
  STORAGE(INITIAL 65536 NEXT 1048576 MINEXTENTS 1 MAXEXTENTS 2147483645
  PCTINCREASE 0 FREELISTS 1 FREELIST GROUPS 1 BUFFER_POOL DEFAULT FLASH_CACHE DEFAULT CELL_FLASH_CACHE DEFAULT)
  TABLESPACE "SYSTEM"  ENABLE;
  ALTER TABLE "OTB"."RESERVATION" MODIFY ("RESERVATION_NO" NOT NULL ENABLE);
--------------------------------------------------------
--  Constraints for Table MATCHING
--------------------------------------------------------

  ALTER TABLE "OTB"."MATCHING" ADD CONSTRAINT "PK_MATCHING" PRIMARY KEY ("MATCHING_NO")
  USING INDEX PCTFREE 10 INITRANS 2 MAXTRANS 255 COMPUTE STATISTICS 
  STORAGE(INITIAL 65536 NEXT 1048576 MINEXTENTS 1 MAXEXTENTS 2147483645
  PCTINCREASE 0 FREELISTS 1 FREELIST GROUPS 1 BUFFER_POOL DEFAULT FLASH_CACHE DEFAULT CELL_FLASH_CACHE DEFAULT)
  TABLESPACE "SYSTEM"  ENABLE;
  ALTER TABLE "OTB"."MATCHING" MODIFY ("MATCHING_NO" NOT NULL ENABLE);
--------------------------------------------------------
--  Constraints for Table OWNED_GAME
--------------------------------------------------------

  ALTER TABLE "OTB"."OWNED_GAME" ADD CONSTRAINT "PK_OWNED_GAME" PRIMARY KEY ("OWNED_GAME_NO")
  USING INDEX PCTFREE 10 INITRANS 2 MAXTRANS 255 COMPUTE STATISTICS 
  STORAGE(INITIAL 65536 NEXT 1048576 MINEXTENTS 1 MAXEXTENTS 2147483645
  PCTINCREASE 0 FREELISTS 1 FREELIST GROUPS 1 BUFFER_POOL DEFAULT FLASH_CACHE DEFAULT CELL_FLASH_CACHE DEFAULT)
  TABLESPACE "SYSTEM"  ENABLE;
  ALTER TABLE "OTB"."OWNED_GAME" MODIFY ("OWNED_GAME_NO" NOT NULL ENABLE);
--------------------------------------------------------
--  Constraints for Table MESSAGE
--------------------------------------------------------

  ALTER TABLE "OTB"."MESSAGE" ADD CONSTRAINT "PK_MESSAGE" PRIMARY KEY ("MESSAGE_NO")
  USING INDEX PCTFREE 10 INITRANS 2 MAXTRANS 255 COMPUTE STATISTICS 
  STORAGE(INITIAL 65536 NEXT 1048576 MINEXTENTS 1 MAXEXTENTS 2147483645
  PCTINCREASE 0 FREELISTS 1 FREELIST GROUPS 1 BUFFER_POOL DEFAULT FLASH_CACHE DEFAULT CELL_FLASH_CACHE DEFAULT)
  TABLESPACE "SYSTEM"  ENABLE;
  ALTER TABLE "OTB"."MESSAGE" MODIFY ("MESSAGE_NO" NOT NULL ENABLE);
--------------------------------------------------------
--  Constraints for Table GAME
--------------------------------------------------------

  ALTER TABLE "OTB"."GAME" ADD CONSTRAINT "PK_GAME" PRIMARY KEY ("GAME_NO")
  USING INDEX PCTFREE 10 INITRANS 2 MAXTRANS 255 COMPUTE STATISTICS 
  STORAGE(INITIAL 65536 NEXT 1048576 MINEXTENTS 1 MAXEXTENTS 2147483645
  PCTINCREASE 0 FREELISTS 1 FREELIST GROUPS 1 BUFFER_POOL DEFAULT FLASH_CACHE DEFAULT CELL_FLASH_CACHE DEFAULT)
  TABLESPACE "SYSTEM"  ENABLE;
  ALTER TABLE "OTB"."GAME" MODIFY ("GAME_NO" NOT NULL ENABLE);
--------------------------------------------------------
--  Constraints for Table RESERVATION_DATE
--------------------------------------------------------

  ALTER TABLE "OTB"."RESERVATION_DATE" ADD CONSTRAINT "PK_RESERVATION_DATE" PRIMARY KEY ("RESERVATION_DATE_NO")
  USING INDEX PCTFREE 10 INITRANS 2 MAXTRANS 255 COMPUTE STATISTICS 
  STORAGE(INITIAL 65536 NEXT 1048576 MINEXTENTS 1 MAXEXTENTS 2147483645
  PCTINCREASE 0 FREELISTS 1 FREELIST GROUPS 1 BUFFER_POOL DEFAULT FLASH_CACHE DEFAULT CELL_FLASH_CACHE DEFAULT)
  TABLESPACE "SYSTEM"  ENABLE;
  ALTER TABLE "OTB"."RESERVATION_DATE" MODIFY ("RESERVATION_DATE_NO" NOT NULL ENABLE);
--------------------------------------------------------
--  Constraints for Table STORE_REVIEW
--------------------------------------------------------

  ALTER TABLE "OTB"."STORE_REVIEW" ADD CONSTRAINT "PK_STORE_REVIEW" PRIMARY KEY ("STORE_REVIEW_NO")
  USING INDEX PCTFREE 10 INITRANS 2 MAXTRANS 255 COMPUTE STATISTICS 
  STORAGE(INITIAL 65536 NEXT 1048576 MINEXTENTS 1 MAXEXTENTS 2147483645
  PCTINCREASE 0 FREELISTS 1 FREELIST GROUPS 1 BUFFER_POOL DEFAULT FLASH_CACHE DEFAULT CELL_FLASH_CACHE DEFAULT)
  TABLESPACE "SYSTEM"  ENABLE;
  ALTER TABLE "OTB"."STORE_REVIEW" MODIFY ("STORE_NO" NOT NULL ENABLE);
  ALTER TABLE "OTB"."STORE_REVIEW" MODIFY ("RESERVATION_NO" NOT NULL ENABLE);
  ALTER TABLE "OTB"."STORE_REVIEW" MODIFY ("STORE_REVIEW_NO" NOT NULL ENABLE);
--------------------------------------------------------
--  Constraints for Table REPLY
--------------------------------------------------------

  ALTER TABLE "OTB"."REPLY" ADD CONSTRAINT "PK_REPLY" PRIMARY KEY ("REPLY_NO")
  USING INDEX PCTFREE 10 INITRANS 2 MAXTRANS 255 COMPUTE STATISTICS 
  STORAGE(INITIAL 65536 NEXT 1048576 MINEXTENTS 1 MAXEXTENTS 2147483645
  PCTINCREASE 0 FREELISTS 1 FREELIST GROUPS 1 BUFFER_POOL DEFAULT FLASH_CACHE DEFAULT CELL_FLASH_CACHE DEFAULT)
  TABLESPACE "SYSTEM"  ENABLE;
  ALTER TABLE "OTB"."REPLY" MODIFY ("REPLY_NO" NOT NULL ENABLE);
--------------------------------------------------------
--  Constraints for Table RESERVATION_MEMBER
--------------------------------------------------------

  ALTER TABLE "OTB"."RESERVATION_MEMBER" ADD CONSTRAINT "PK_RESERVATION_MEMBER" PRIMARY KEY ("RESERVATION_MEMBER_NO")
  USING INDEX PCTFREE 10 INITRANS 2 MAXTRANS 255 COMPUTE STATISTICS 
  STORAGE(INITIAL 65536 NEXT 1048576 MINEXTENTS 1 MAXEXTENTS 2147483645
  PCTINCREASE 0 FREELISTS 1 FREELIST GROUPS 1 BUFFER_POOL DEFAULT FLASH_CACHE DEFAULT CELL_FLASH_CACHE DEFAULT)
  TABLESPACE "SYSTEM"  ENABLE;
  ALTER TABLE "OTB"."RESERVATION_MEMBER" MODIFY ("RESERVATION_MEMBER_NO" NOT NULL ENABLE);
--------------------------------------------------------
--  Constraints for Table SIGUNGU
--------------------------------------------------------

  ALTER TABLE "OTB"."SIGUNGU" ADD CONSTRAINT "PK_SIGUNGU" PRIMARY KEY ("SIGUNGU_CODE", "SIDO_CODE")
  USING INDEX PCTFREE 10 INITRANS 2 MAXTRANS 255 COMPUTE STATISTICS 
  STORAGE(INITIAL 65536 NEXT 1048576 MINEXTENTS 1 MAXEXTENTS 2147483645
  PCTINCREASE 0 FREELISTS 1 FREELIST GROUPS 1 BUFFER_POOL DEFAULT FLASH_CACHE DEFAULT CELL_FLASH_CACHE DEFAULT)
  TABLESPACE "SYSTEM"  ENABLE;
  ALTER TABLE "OTB"."SIGUNGU" MODIFY ("SIDO_CODE" NOT NULL ENABLE);
  ALTER TABLE "OTB"."SIGUNGU" MODIFY ("SIGUNGU_CODE" NOT NULL ENABLE);
--------------------------------------------------------
--  Constraints for Table COMMENTS
--------------------------------------------------------

  ALTER TABLE "OTB"."COMMENTS" ADD CONSTRAINT "PK_COMMENTS" PRIMARY KEY ("COMMENT_NO")
  USING INDEX PCTFREE 10 INITRANS 2 MAXTRANS 255 COMPUTE STATISTICS 
  STORAGE(INITIAL 65536 NEXT 1048576 MINEXTENTS 1 MAXEXTENTS 2147483645
  PCTINCREASE 0 FREELISTS 1 FREELIST GROUPS 1 BUFFER_POOL DEFAULT FLASH_CACHE DEFAULT CELL_FLASH_CACHE DEFAULT)
  TABLESPACE "SYSTEM"  ENABLE;
  ALTER TABLE "OTB"."COMMENTS" MODIFY ("COMMENT_NO" NOT NULL ENABLE);
--------------------------------------------------------
--  Constraints for Table THEME
--------------------------------------------------------

  ALTER TABLE "OTB"."THEME" ADD CONSTRAINT "PK_THEME" PRIMARY KEY ("THEME_NO")
  USING INDEX PCTFREE 10 INITRANS 2 MAXTRANS 255 COMPUTE STATISTICS 
  STORAGE(INITIAL 65536 NEXT 1048576 MINEXTENTS 1 MAXEXTENTS 2147483645
  PCTINCREASE 0 FREELISTS 1 FREELIST GROUPS 1 BUFFER_POOL DEFAULT FLASH_CACHE DEFAULT CELL_FLASH_CACHE DEFAULT)
  TABLESPACE "SYSTEM"  ENABLE;
  ALTER TABLE "OTB"."THEME" MODIFY ("THEME_NO" NOT NULL ENABLE);
--------------------------------------------------------
--  Constraints for Table GAME_BOOKMARK
--------------------------------------------------------

  ALTER TABLE "OTB"."GAME_BOOKMARK" ADD CONSTRAINT "PK_GAME_BOOKMARK" PRIMARY KEY ("GAME_BOOKMARK_NO")
  USING INDEX PCTFREE 10 INITRANS 2 MAXTRANS 255 COMPUTE STATISTICS 
  STORAGE(INITIAL 65536 NEXT 1048576 MINEXTENTS 1 MAXEXTENTS 2147483645
  PCTINCREASE 0 FREELISTS 1 FREELIST GROUPS 1 BUFFER_POOL DEFAULT FLASH_CACHE DEFAULT CELL_FLASH_CACHE DEFAULT)
  TABLESPACE "SYSTEM"  ENABLE;
  ALTER TABLE "OTB"."GAME_BOOKMARK" MODIFY ("GAME_BOOKMARK_NO" NOT NULL ENABLE);
--------------------------------------------------------
--  Constraints for Table STORE_BOOKMARK
--------------------------------------------------------

  ALTER TABLE "OTB"."STORE_BOOKMARK" ADD CONSTRAINT "PK_STORE_BOOKMARK" PRIMARY KEY ("STORE_BOOKMARK_NO")
  USING INDEX PCTFREE 10 INITRANS 2 MAXTRANS 255 COMPUTE STATISTICS 
  STORAGE(INITIAL 65536 NEXT 1048576 MINEXTENTS 1 MAXEXTENTS 2147483645
  PCTINCREASE 0 FREELISTS 1 FREELIST GROUPS 1 BUFFER_POOL DEFAULT FLASH_CACHE DEFAULT CELL_FLASH_CACHE DEFAULT)
  TABLESPACE "SYSTEM"  ENABLE;
  ALTER TABLE "OTB"."STORE_BOOKMARK" MODIFY ("STORE_BOOKMARK_NO" NOT NULL ENABLE);
--------------------------------------------------------
--  Constraints for Table RESERVATION_TIME
--------------------------------------------------------

  ALTER TABLE "OTB"."RESERVATION_TIME" ADD CONSTRAINT "PK_RESERVATION_TIME" PRIMARY KEY ("RESERVATION_TIME_NO")
  USING INDEX PCTFREE 10 INITRANS 2 MAXTRANS 255 COMPUTE STATISTICS 
  STORAGE(INITIAL 65536 NEXT 1048576 MINEXTENTS 1 MAXEXTENTS 2147483645
  PCTINCREASE 0 FREELISTS 1 FREELIST GROUPS 1 BUFFER_POOL DEFAULT FLASH_CACHE DEFAULT CELL_FLASH_CACHE DEFAULT)
  TABLESPACE "SYSTEM"  ENABLE;
  ALTER TABLE "OTB"."RESERVATION_TIME" MODIFY ("RESERVATION_TIME_NO" NOT NULL ENABLE);
--------------------------------------------------------
--  Constraints for Table SIDO
--------------------------------------------------------

  ALTER TABLE "OTB"."SIDO" ADD CONSTRAINT "PK_SIDO" PRIMARY KEY ("SIDO_CODE")
  USING INDEX PCTFREE 10 INITRANS 2 MAXTRANS 255 COMPUTE STATISTICS 
  STORAGE(INITIAL 65536 NEXT 1048576 MINEXTENTS 1 MAXEXTENTS 2147483645
  PCTINCREASE 0 FREELISTS 1 FREELIST GROUPS 1 BUFFER_POOL DEFAULT FLASH_CACHE DEFAULT CELL_FLASH_CACHE DEFAULT)
  TABLESPACE "SYSTEM"  ENABLE;
  ALTER TABLE "OTB"."SIDO" MODIFY ("SIDO_CODE" NOT NULL ENABLE);
--------------------------------------------------------
--  Constraints for Table HASHTAG
--------------------------------------------------------

  ALTER TABLE "OTB"."HASHTAG" ADD CONSTRAINT "PK_HASHTAG" PRIMARY KEY ("HASHTAG_NO")
  USING INDEX PCTFREE 10 INITRANS 2 MAXTRANS 255 COMPUTE STATISTICS 
  STORAGE(INITIAL 65536 NEXT 1048576 MINEXTENTS 1 MAXEXTENTS 2147483645
  PCTINCREASE 0 FREELISTS 1 FREELIST GROUPS 1 BUFFER_POOL DEFAULT FLASH_CACHE DEFAULT CELL_FLASH_CACHE DEFAULT)
  TABLESPACE "SYSTEM"  ENABLE;
  ALTER TABLE "OTB"."HASHTAG" MODIFY ("HASHTAG_NO" NOT NULL ENABLE);
--------------------------------------------------------
--  Constraints for Table STORE
--------------------------------------------------------

  ALTER TABLE "OTB"."STORE" ADD CONSTRAINT "PK_STORE" PRIMARY KEY ("STORE_NO")
  USING INDEX PCTFREE 10 INITRANS 2 MAXTRANS 255 COMPUTE STATISTICS 
  STORAGE(INITIAL 65536 NEXT 1048576 MINEXTENTS 1 MAXEXTENTS 2147483645
  PCTINCREASE 0 FREELISTS 1 FREELIST GROUPS 1 BUFFER_POOL DEFAULT FLASH_CACHE DEFAULT CELL_FLASH_CACHE DEFAULT)
  TABLESPACE "SYSTEM"  ENABLE;
  ALTER TABLE "OTB"."STORE" MODIFY ("STORE_NO" NOT NULL ENABLE);
--------------------------------------------------------
--  Constraints for Table STORE_IMAGE
--------------------------------------------------------

  ALTER TABLE "OTB"."STORE_IMAGE" ADD CONSTRAINT "PK_STORE_IMAGE" PRIMARY KEY ("STORE_IMAGE_NO")
  USING INDEX PCTFREE 10 INITRANS 2 MAXTRANS 255 COMPUTE STATISTICS 
  STORAGE(INITIAL 65536 NEXT 1048576 MINEXTENTS 1 MAXEXTENTS 2147483645
  PCTINCREASE 0 FREELISTS 1 FREELIST GROUPS 1 BUFFER_POOL DEFAULT FLASH_CACHE DEFAULT CELL_FLASH_CACHE DEFAULT)
  TABLESPACE "SYSTEM"  ENABLE;
  ALTER TABLE "OTB"."STORE_IMAGE" MODIFY ("STORE_IMAGE_NO" NOT NULL ENABLE);
--------------------------------------------------------
--  Ref Constraints for Table COMMENTS
--------------------------------------------------------

  ALTER TABLE "OTB"."COMMENTS" ADD CONSTRAINT "FK_MATCHING_TO_COMMENTS" FOREIGN KEY ("MATCHING_NO")
	  REFERENCES "OTB"."MATCHING" ("MATCHING_NO") ENABLE;
  ALTER TABLE "OTB"."COMMENTS" ADD CONSTRAINT "FK_USERS_TO_COMMENTS" FOREIGN KEY ("USER_NO")
	  REFERENCES "OTB"."USERS" ("USER_NO") ENABLE;
--------------------------------------------------------
--  Ref Constraints for Table GAME
--------------------------------------------------------

  ALTER TABLE "OTB"."GAME" ADD FOREIGN KEY ("THEME_NO")
	  REFERENCES "OTB"."THEME" ("THEME_NO") ENABLE;
--------------------------------------------------------
--  Ref Constraints for Table GAME_BOOKMARK
--------------------------------------------------------

  ALTER TABLE "OTB"."GAME_BOOKMARK" ADD CONSTRAINT "FK_GAME_TO_GAME_BOOKMARK" FOREIGN KEY ("GAME_NO")
	  REFERENCES "OTB"."GAME" ("GAME_NO") ENABLE;
  ALTER TABLE "OTB"."GAME_BOOKMARK" ADD CONSTRAINT "FK_USERS_TO_GAME_BOOKMARK" FOREIGN KEY ("USER_NO")
	  REFERENCES "OTB"."USERS" ("USER_NO") ENABLE;
--------------------------------------------------------
--  Ref Constraints for Table HASHTAG
--------------------------------------------------------

  ALTER TABLE "OTB"."HASHTAG" ADD CONSTRAINT "FK_GAME_TO_HASHTAG" FOREIGN KEY ("GAME_NO")
	  REFERENCES "OTB"."GAME" ("GAME_NO") ENABLE;
  ALTER TABLE "OTB"."HASHTAG" ADD CONSTRAINT "FK_THEME_TO_HASHTAG" FOREIGN KEY ("THEME_NO")
	  REFERENCES "OTB"."THEME" ("THEME_NO") ENABLE;
--------------------------------------------------------
--  Ref Constraints for Table MATCHING
--------------------------------------------------------

  ALTER TABLE "OTB"."MATCHING" ADD CONSTRAINT "FK_GAME_TO_MATCHING" FOREIGN KEY ("GAME_NO")
	  REFERENCES "OTB"."GAME" ("GAME_NO") ENABLE;
  ALTER TABLE "OTB"."MATCHING" ADD CONSTRAINT "FK_SIGUNGU_TO_MATCHING" FOREIGN KEY ("SIGUNGU_CODE", "SIDO_CODE")
	  REFERENCES "OTB"."SIGUNGU" ("SIGUNGU_CODE", "SIDO_CODE") ENABLE;
  ALTER TABLE "OTB"."MATCHING" ADD CONSTRAINT "FK_THEME_TO_MATCHING" FOREIGN KEY ("THEME_NO")
	  REFERENCES "OTB"."THEME" ("THEME_NO") ENABLE;
  ALTER TABLE "OTB"."MATCHING" ADD CONSTRAINT "FK_USERS_TO_MATCHING" FOREIGN KEY ("USER_NO")
	  REFERENCES "OTB"."USERS" ("USER_NO") ENABLE;
--------------------------------------------------------
--  Ref Constraints for Table MATCHING_GROUP
--------------------------------------------------------

  ALTER TABLE "OTB"."MATCHING_GROUP" ADD CONSTRAINT "FK_MATCHING_TO_MATCHING_GROUP" FOREIGN KEY ("MATCHING_NO")
	  REFERENCES "OTB"."MATCHING" ("MATCHING_NO") ENABLE;
  ALTER TABLE "OTB"."MATCHING_GROUP" ADD CONSTRAINT "FK_USERS_TO_MATCHING_GROUP" FOREIGN KEY ("USER_NO")
	  REFERENCES "OTB"."USERS" ("USER_NO") ENABLE;
--------------------------------------------------------
--  Ref Constraints for Table MESSAGE
--------------------------------------------------------

  ALTER TABLE "OTB"."MESSAGE" ADD CONSTRAINT "FK_USERS_TO_MESSAGE" FOREIGN KEY ("USER_SEND")
	  REFERENCES "OTB"."USERS" ("USER_NO") ENABLE;
  ALTER TABLE "OTB"."MESSAGE" ADD CONSTRAINT "FK_USERS_TO_MESSAGE2" FOREIGN KEY ("USER_RECEIVE")
	  REFERENCES "OTB"."USERS" ("USER_NO") ENABLE;
--------------------------------------------------------
--  Ref Constraints for Table OWNED_GAME
--------------------------------------------------------

  ALTER TABLE "OTB"."OWNED_GAME" ADD CONSTRAINT "FK_GAME_TO_OWNED_GAME" FOREIGN KEY ("GAME_NO")
	  REFERENCES "OTB"."GAME" ("GAME_NO") ENABLE;
  ALTER TABLE "OTB"."OWNED_GAME" ADD CONSTRAINT "FK_STORE_TO_OWNED_GAME" FOREIGN KEY ("STORE_NO")
	  REFERENCES "OTB"."STORE" ("STORE_NO") ENABLE;
--------------------------------------------------------
--  Ref Constraints for Table REPLY
--------------------------------------------------------

  ALTER TABLE "OTB"."REPLY" ADD CONSTRAINT "FK_COMMENTS_TO_REPLY" FOREIGN KEY ("COMMENT_NO")
	  REFERENCES "OTB"."COMMENTS" ("COMMENT_NO") ENABLE;
  ALTER TABLE "OTB"."REPLY" ADD CONSTRAINT "FK_USERS_TO_REPLY" FOREIGN KEY ("USER_NO")
	  REFERENCES "OTB"."USERS" ("USER_NO") ENABLE;
--------------------------------------------------------
--  Ref Constraints for Table RESERVATION
--------------------------------------------------------

  ALTER TABLE "OTB"."RESERVATION" ADD CONSTRAINT "FK_RSRVTN_DT_TO_RESERVATION" FOREIGN KEY ("RESERVATION_DATE_NO")
	  REFERENCES "OTB"."RESERVATION_DATE" ("RESERVATION_DATE_NO") ENABLE;
  ALTER TABLE "OTB"."RESERVATION" ADD CONSTRAINT "FK_STORE_TO_RESERVATION" FOREIGN KEY ("STORE_NO")
	  REFERENCES "OTB"."STORE" ("STORE_NO") ENABLE;
--------------------------------------------------------
--  Ref Constraints for Table RESERVATION_DATE
--------------------------------------------------------

  ALTER TABLE "OTB"."RESERVATION_DATE" ADD CONSTRAINT "FK_STORE_TO_RESERVATION_DATE" FOREIGN KEY ("STORE_NO")
	  REFERENCES "OTB"."STORE" ("STORE_NO") ENABLE;
--------------------------------------------------------
--  Ref Constraints for Table RESERVATION_MEMBER
--------------------------------------------------------

  ALTER TABLE "OTB"."RESERVATION_MEMBER" ADD CONSTRAINT "FK_RSRVTN_TO_RSRVTN_MBR" FOREIGN KEY ("RESERVATION_NO")
	  REFERENCES "OTB"."RESERVATION" ("RESERVATION_NO") ENABLE;
  ALTER TABLE "OTB"."RESERVATION_MEMBER" ADD CONSTRAINT "FK_USERS_TO_RESERVATION_MEMBER" FOREIGN KEY ("USER_NO")
	  REFERENCES "OTB"."USERS" ("USER_NO") ENABLE;
--------------------------------------------------------
--  Ref Constraints for Table RESERVATION_TIME
--------------------------------------------------------

  ALTER TABLE "OTB"."RESERVATION_TIME" ADD CONSTRAINT "FK_RSRVTN_DATE_TO_RSRVTN_TM" FOREIGN KEY ("RESERVATION_DATE_NO")
	  REFERENCES "OTB"."RESERVATION_DATE" ("RESERVATION_DATE_NO") ENABLE;
--------------------------------------------------------
--  Ref Constraints for Table RESERVATION_TIME_GROUP
--------------------------------------------------------

  ALTER TABLE "OTB"."RESERVATION_TIME_GROUP" ADD CONSTRAINT "FK_RSRVTN_TM_TO_RSRVTN_GRP" FOREIGN KEY ("RESERVATION_TIME_NO")
	  REFERENCES "OTB"."RESERVATION_TIME" ("RESERVATION_TIME_NO") ENABLE;
  ALTER TABLE "OTB"."RESERVATION_TIME_GROUP" ADD CONSTRAINT "FK_RSRVTN_TO_RSRVTN_TM_GRP" FOREIGN KEY ("RESERVATION_NO")
	  REFERENCES "OTB"."RESERVATION" ("RESERVATION_NO") ENABLE;
--------------------------------------------------------
--  Ref Constraints for Table SIGUNGU
--------------------------------------------------------

  ALTER TABLE "OTB"."SIGUNGU" ADD CONSTRAINT "FK_SIDO_TO_SIGUNGU" FOREIGN KEY ("SIDO_CODE")
	  REFERENCES "OTB"."SIDO" ("SIDO_CODE") ENABLE;
--------------------------------------------------------
--  Ref Constraints for Table STORE
--------------------------------------------------------

  ALTER TABLE "OTB"."STORE" ADD CONSTRAINT "FK_SIGUNGU_TO_STORE" FOREIGN KEY ("SIGUNGU_CODE", "SIDO_CODE")
	  REFERENCES "OTB"."SIGUNGU" ("SIGUNGU_CODE", "SIDO_CODE") ENABLE;
  ALTER TABLE "OTB"."STORE" ADD CONSTRAINT "FK_USERS_TO_STORE" FOREIGN KEY ("USER_NO")
	  REFERENCES "OTB"."USERS" ("USER_NO") ENABLE;
--------------------------------------------------------
--  Ref Constraints for Table STORE_BOOKMARK
--------------------------------------------------------

  ALTER TABLE "OTB"."STORE_BOOKMARK" ADD CONSTRAINT "FK_STORE_TO_STORE_BOOKMARK" FOREIGN KEY ("STORE_NO")
	  REFERENCES "OTB"."STORE" ("STORE_NO") ENABLE;
  ALTER TABLE "OTB"."STORE_BOOKMARK" ADD CONSTRAINT "FK_USERS_TO_STORE_BOOKMARK" FOREIGN KEY ("USER_NO")
	  REFERENCES "OTB"."USERS" ("USER_NO") ENABLE;
--------------------------------------------------------
--  Ref Constraints for Table STORE_IMAGE
--------------------------------------------------------

  ALTER TABLE "OTB"."STORE_IMAGE" ADD CONSTRAINT "FK_STORE_TO_STORE_IMAGE" FOREIGN KEY ("STORE_NO")
	  REFERENCES "OTB"."STORE" ("STORE_NO") ENABLE;
--------------------------------------------------------
--  Ref Constraints for Table STORE_REVIEW
--------------------------------------------------------

  ALTER TABLE "OTB"."STORE_REVIEW" ADD CONSTRAINT "FK_RESERVATION_TO_STORE_REVIEW" FOREIGN KEY ("RESERVATION_NO")
	  REFERENCES "OTB"."RESERVATION" ("RESERVATION_NO") ENABLE;
  ALTER TABLE "OTB"."STORE_REVIEW" ADD CONSTRAINT "FK_STORE_TO_STORE_REVIEW" FOREIGN KEY ("STORE_NO")
	  REFERENCES "OTB"."STORE" ("STORE_NO") ENABLE;
  ALTER TABLE "OTB"."STORE_REVIEW" ADD CONSTRAINT "FK_USERS_TO_STORE_REVIEW" FOREIGN KEY ("USER_NO")
	  REFERENCES "OTB"."USERS" ("USER_NO") ENABLE;
--------------------------------------------------------
--  Ref Constraints for Table USERS
--------------------------------------------------------

  ALTER TABLE "OTB"."USERS" ADD CONSTRAINT "FK_SIGUNGU_TO_USERS" FOREIGN KEY ("SIGUNGU_CODE", "SIDO_CODE")
	  REFERENCES "OTB"."SIGUNGU" ("SIGUNGU_CODE", "SIDO_CODE") ENABLE;
